TimeQuest Timing Analyzer report for RISC_V
Fri Sep 18 13:29:51 2026
Quartus II 64-Bit Version 13.0.1 Build 232 06/12/2013 Service Pack 1 SJ Web Edition


---------------------
; Table of Contents ;
---------------------
  1. Legal Notice
  2. TimeQuest Timing Analyzer Summary
  3. Parallel Compilation
  4. Clocks
  5. Slow Model Fmax Summary
  6. Slow Model Setup Summary
  7. Slow Model Hold Summary
  8. Slow Model Recovery Summary
  9. Slow Model Removal Summary
 10. Slow Model Minimum Pulse Width Summary
 11. Slow Model Setup: 'clk'
 12. Slow Model Hold: 'clk'
 13. Slow Model Minimum Pulse Width: 'clk'
 14. Clock to Output Times
 15. Minimum Clock to Output Times
 16. Fast Model Setup Summary
 17. Fast Model Hold Summary
 18. Fast Model Recovery Summary
 19. Fast Model Removal Summary
 20. Fast Model Minimum Pulse Width Summary
 21. Fast Model Setup: 'clk'
 22. Fast Model Hold: 'clk'
 23. Fast Model Minimum Pulse Width: 'clk'
 24. Clock to Output Times
 25. Minimum Clock to Output Times
 26. Multicorner Timing Analysis Summary
 27. Clock to Output Times
 28. Minimum Clock to Output Times
 29. Setup Transfers
 30. Hold Transfers
 31. Report TCCS
 32. Report RSKM
 33. Unconstrained Paths
 34. TimeQuest Timing Analyzer Messages



----------------
; Legal Notice ;
----------------
Copyright (C) 1991-2013 Altera Corporation
Your use of Altera Corporation's design tools, logic functions 
and other software and tools, and its AMPP partner logic 
functions, and any output files from any of the foregoing 
(including device programming or simulation files), and any 
associated documentation or information are expressly subject 
to the terms and conditions of the Altera Program License 
Subscription Agreement, Altera MegaCore Function License 
Agreement, or other applicable license agreement, including, 
without limitation, that your use is for the sole purpose of 
programming logic devices manufactured by Altera and sold by 
Altera or its authorized distributors.  Please refer to the 
applicable agreement for further details.



+----------------------------------------------------------------------------------------+
; TimeQuest Timing Analyzer Summary                                                      ;
+--------------------+-------------------------------------------------------------------+
; Quartus II Version ; Version 13.0.1 Build 232 06/12/2013 Service Pack 1 SJ Web Edition ;
; Revision Name      ; RISC_V                                                            ;
; Device Family      ; Cyclone II                                                        ;
; Device Name        ; EP2C35F672C6                                                      ;
; Timing Models      ; Final                                                             ;
; Delay Model        ; Combined                                                          ;
; Rise/Fall Delays   ; Unavailable                                                       ;
+--------------------+-------------------------------------------------------------------+


Parallel compilation was disabled, but you have multiple processors available. Enable parallel compilation to reduce compilation time.
+-------------------------------------+
; Parallel Compilation                ;
+----------------------------+--------+
; Processors                 ; Number ;
+----------------------------+--------+
; Number detected on machine ; 12     ;
; Maximum allowed            ; 1      ;
+----------------------------+--------+


+---------------------------------------------------------------------------------------------------------------------------------------------------------------------------------+
; Clocks                                                                                                                                                                          ;
+------------+------+--------+------------+-------+-------+------------+-----------+-------------+-------+--------+-----------+------------+----------+--------+--------+---------+
; Clock Name ; Type ; Period ; Frequency  ; Rise  ; Fall  ; Duty Cycle ; Divide by ; Multiply by ; Phase ; Offset ; Edge List ; Edge Shift ; Inverted ; Master ; Source ; Targets ;
+------------+------+--------+------------+-------+-------+------------+-----------+-------------+-------+--------+-----------+------------+----------+--------+--------+---------+
; clk        ; Base ; 1.000  ; 1000.0 MHz ; 0.000 ; 0.500 ;            ;           ;             ;       ;        ;           ;            ;          ;        ;        ; { clk } ;
+------------+------+--------+------------+-------+-------+------------+-----------+-------------+-------+--------+-----------+------------+----------+--------+--------+---------+


+-------------------------------------------------+
; Slow Model Fmax Summary                         ;
+-----------+-----------------+------------+------+
; Fmax      ; Restricted Fmax ; Clock Name ; Note ;
+-----------+-----------------+------------+------+
; 70.74 MHz ; 70.74 MHz       ; clk        ;      ;
+-----------+-----------------+------------+------+
This panel reports FMAX for every clock in the design, regardless of the user-specified clock periods.  FMAX is only computed for paths where the source and destination registers or ports are driven by the same clock.  Paths of different clocks, including generated clocks, are ignored.  For paths between a clock and its inversion, FMAX is computed as if the rising and falling edges are scaled along with FMAX, such that the duty cycle (in terms of a percentage) is maintained. Altera recommends that you always use clock constraints and other slack reports for sign-off analysis.


+---------------------------------+
; Slow Model Setup Summary        ;
+-------+---------+---------------+
; Clock ; Slack   ; End Point TNS ;
+-------+---------+---------------+
; clk   ; -13.137 ; -5793.768     ;
+-------+---------+---------------+


+-------------------------------+
; Slow Model Hold Summary       ;
+-------+-------+---------------+
; Clock ; Slack ; End Point TNS ;
+-------+-------+---------------+
; clk   ; 0.527 ; 0.000         ;
+-------+-------+---------------+


-------------------------------
; Slow Model Recovery Summary ;
-------------------------------
No paths to report.


------------------------------
; Slow Model Removal Summary ;
------------------------------
No paths to report.


+----------------------------------------+
; Slow Model Minimum Pulse Width Summary ;
+-------+--------+-----------------------+
; Clock ; Slack  ; End Point TNS         ;
+-------+--------+-----------------------+
; clk   ; -1.380 ; -511.380              ;
+-------+--------+-----------------------+


+---------------------------------------------------------------------------------------------------------------------------------------------+
; Slow Model Setup: 'clk'                                                                                                                     ;
+---------+-----------------------------+-------------------------------+--------------+-------------+--------------+------------+------------+
; Slack   ; From Node                   ; To Node                       ; Launch Clock ; Latch Clock ; Relationship ; Clock Skew ; Data Delay ;
+---------+-----------------------------+-------------------------------+--------------+-------------+--------------+------------+------------+
; -13.137 ; datapath:dp|pc:pc_reg|PC[5] ; datapath:dp|regfile:rf|rf~61  ; clk          ; clk         ; 1.000        ; -0.025     ; 14.148     ;
; -13.087 ; datapath:dp|pc:pc_reg|PC[5] ; datapath:dp|regfile:rf|rf~349 ; clk          ; clk         ; 1.000        ; 0.004      ; 14.127     ;
; -13.086 ; datapath:dp|pc:pc_reg|PC[5] ; datapath:dp|regfile:rf|rf~381 ; clk          ; clk         ; 1.000        ; 0.004      ; 14.126     ;
; -13.064 ; datapath:dp|pc:pc_reg|PC[5] ; datapath:dp|regfile:rf|rf~413 ; clk          ; clk         ; 1.000        ; -0.018     ; 14.082     ;
; -13.050 ; datapath:dp|pc:pc_reg|PC[5] ; datapath:dp|regfile:rf|rf~253 ; clk          ; clk         ; 1.000        ; 0.004      ; 14.090     ;
; -13.048 ; datapath:dp|pc:pc_reg|PC[5] ; datapath:dp|regfile:rf|rf~93  ; clk          ; clk         ; 1.000        ; -0.001     ; 14.083     ;
; -12.995 ; datapath:dp|pc:pc_reg|PC[5] ; datapath:dp|regfile:rf|rf~317 ; clk          ; clk         ; 1.000        ; -0.029     ; 14.002     ;
; -12.929 ; datapath:dp|pc:pc_reg|PC[2] ; datapath:dp|regfile:rf|rf~61  ; clk          ; clk         ; 1.000        ; -0.025     ; 13.940     ;
; -12.898 ; datapath:dp|pc:pc_reg|PC[5] ; datapath:dp|regfile:rf|rf~157 ; clk          ; clk         ; 1.000        ; -0.018     ; 13.916     ;
; -12.879 ; datapath:dp|pc:pc_reg|PC[2] ; datapath:dp|regfile:rf|rf~349 ; clk          ; clk         ; 1.000        ; 0.004      ; 13.919     ;
; -12.878 ; datapath:dp|pc:pc_reg|PC[2] ; datapath:dp|regfile:rf|rf~381 ; clk          ; clk         ; 1.000        ; 0.004      ; 13.918     ;
; -12.864 ; datapath:dp|pc:pc_reg|PC[3] ; datapath:dp|regfile:rf|rf~61  ; clk          ; clk         ; 1.000        ; -0.025     ; 13.875     ;
; -12.856 ; datapath:dp|pc:pc_reg|PC[2] ; datapath:dp|regfile:rf|rf~413 ; clk          ; clk         ; 1.000        ; -0.018     ; 13.874     ;
; -12.853 ; datapath:dp|pc:pc_reg|PC[5] ; datapath:dp|regfile:rf|rf~125 ; clk          ; clk         ; 1.000        ; -0.007     ; 13.882     ;
; -12.843 ; datapath:dp|pc:pc_reg|PC[5] ; datapath:dp|regfile:rf|rf~509 ; clk          ; clk         ; 1.000        ; -0.025     ; 13.854     ;
; -12.842 ; datapath:dp|pc:pc_reg|PC[5] ; datapath:dp|regfile:rf|rf~445 ; clk          ; clk         ; 1.000        ; -0.025     ; 13.853     ;
; -12.842 ; datapath:dp|pc:pc_reg|PC[2] ; datapath:dp|regfile:rf|rf~253 ; clk          ; clk         ; 1.000        ; 0.004      ; 13.882     ;
; -12.840 ; datapath:dp|pc:pc_reg|PC[2] ; datapath:dp|regfile:rf|rf~93  ; clk          ; clk         ; 1.000        ; -0.001     ; 13.875     ;
; -12.838 ; datapath:dp|pc:pc_reg|PC[4] ; datapath:dp|regfile:rf|rf~61  ; clk          ; clk         ; 1.000        ; -0.025     ; 13.849     ;
; -12.814 ; datapath:dp|pc:pc_reg|PC[7] ; datapath:dp|regfile:rf|rf~61  ; clk          ; clk         ; 1.000        ; -0.025     ; 13.825     ;
; -12.814 ; datapath:dp|pc:pc_reg|PC[3] ; datapath:dp|regfile:rf|rf~349 ; clk          ; clk         ; 1.000        ; 0.004      ; 13.854     ;
; -12.813 ; datapath:dp|pc:pc_reg|PC[3] ; datapath:dp|regfile:rf|rf~381 ; clk          ; clk         ; 1.000        ; 0.004      ; 13.853     ;
; -12.791 ; datapath:dp|pc:pc_reg|PC[3] ; datapath:dp|regfile:rf|rf~413 ; clk          ; clk         ; 1.000        ; -0.018     ; 13.809     ;
; -12.788 ; datapath:dp|pc:pc_reg|PC[4] ; datapath:dp|regfile:rf|rf~349 ; clk          ; clk         ; 1.000        ; 0.004      ; 13.828     ;
; -12.787 ; datapath:dp|pc:pc_reg|PC[2] ; datapath:dp|regfile:rf|rf~317 ; clk          ; clk         ; 1.000        ; -0.029     ; 13.794     ;
; -12.787 ; datapath:dp|pc:pc_reg|PC[4] ; datapath:dp|regfile:rf|rf~381 ; clk          ; clk         ; 1.000        ; 0.004      ; 13.827     ;
; -12.777 ; datapath:dp|pc:pc_reg|PC[5] ; datapath:dp|regfile:rf|rf~351 ; clk          ; clk         ; 1.000        ; -0.025     ; 13.788     ;
; -12.777 ; datapath:dp|pc:pc_reg|PC[3] ; datapath:dp|regfile:rf|rf~253 ; clk          ; clk         ; 1.000        ; 0.004      ; 13.817     ;
; -12.775 ; datapath:dp|pc:pc_reg|PC[3] ; datapath:dp|regfile:rf|rf~93  ; clk          ; clk         ; 1.000        ; -0.001     ; 13.810     ;
; -12.765 ; datapath:dp|pc:pc_reg|PC[5] ; datapath:dp|regfile:rf|rf~285 ; clk          ; clk         ; 1.000        ; -0.036     ; 13.765     ;
; -12.765 ; datapath:dp|pc:pc_reg|PC[4] ; datapath:dp|regfile:rf|rf~413 ; clk          ; clk         ; 1.000        ; -0.018     ; 13.783     ;
; -12.764 ; datapath:dp|pc:pc_reg|PC[7] ; datapath:dp|regfile:rf|rf~349 ; clk          ; clk         ; 1.000        ; 0.004      ; 13.804     ;
; -12.763 ; datapath:dp|pc:pc_reg|PC[7] ; datapath:dp|regfile:rf|rf~381 ; clk          ; clk         ; 1.000        ; 0.004      ; 13.803     ;
; -12.758 ; datapath:dp|pc:pc_reg|PC[5] ; datapath:dp|regfile:rf|rf~477 ; clk          ; clk         ; 1.000        ; -0.007     ; 13.787     ;
; -12.757 ; datapath:dp|pc:pc_reg|PC[5] ; datapath:dp|regfile:rf|rf~221 ; clk          ; clk         ; 1.000        ; -0.007     ; 13.786     ;
; -12.751 ; datapath:dp|pc:pc_reg|PC[4] ; datapath:dp|regfile:rf|rf~253 ; clk          ; clk         ; 1.000        ; 0.004      ; 13.791     ;
; -12.749 ; datapath:dp|pc:pc_reg|PC[4] ; datapath:dp|regfile:rf|rf~93  ; clk          ; clk         ; 1.000        ; -0.001     ; 13.784     ;
; -12.741 ; datapath:dp|pc:pc_reg|PC[7] ; datapath:dp|regfile:rf|rf~413 ; clk          ; clk         ; 1.000        ; -0.018     ; 13.759     ;
; -12.735 ; datapath:dp|pc:pc_reg|PC[5] ; datapath:dp|regfile:rf|rf~479 ; clk          ; clk         ; 1.000        ; 0.002      ; 13.773     ;
; -12.735 ; datapath:dp|pc:pc_reg|PC[5] ; datapath:dp|regfile:rf|rf~415 ; clk          ; clk         ; 1.000        ; 0.002      ; 13.773     ;
; -12.732 ; datapath:dp|pc:pc_reg|PC[7] ; datapath:dp|regfile:rf|rf~336 ; clk          ; clk         ; 1.000        ; 0.002      ; 13.770     ;
; -12.727 ; datapath:dp|pc:pc_reg|PC[7] ; datapath:dp|regfile:rf|rf~253 ; clk          ; clk         ; 1.000        ; 0.004      ; 13.767     ;
; -12.725 ; datapath:dp|pc:pc_reg|PC[7] ; datapath:dp|regfile:rf|rf~93  ; clk          ; clk         ; 1.000        ; -0.001     ; 13.760     ;
; -12.724 ; datapath:dp|pc:pc_reg|PC[6] ; datapath:dp|regfile:rf|rf~61  ; clk          ; clk         ; 1.000        ; -0.025     ; 13.735     ;
; -12.722 ; datapath:dp|pc:pc_reg|PC[3] ; datapath:dp|regfile:rf|rf~317 ; clk          ; clk         ; 1.000        ; -0.029     ; 13.729     ;
; -12.717 ; datapath:dp|pc:pc_reg|PC[5] ; datapath:dp|regfile:rf|rf~507 ; clk          ; clk         ; 1.000        ; -0.046     ; 13.707     ;
; -12.716 ; datapath:dp|pc:pc_reg|PC[7] ; datapath:dp|regfile:rf|rf~48  ; clk          ; clk         ; 1.000        ; 0.004      ; 13.756     ;
; -12.715 ; datapath:dp|pc:pc_reg|PC[7] ; datapath:dp|regfile:rf|rf~80  ; clk          ; clk         ; 1.000        ; 0.004      ; 13.755     ;
; -12.696 ; datapath:dp|pc:pc_reg|PC[4] ; datapath:dp|regfile:rf|rf~317 ; clk          ; clk         ; 1.000        ; -0.029     ; 13.703     ;
; -12.690 ; datapath:dp|pc:pc_reg|PC[2] ; datapath:dp|regfile:rf|rf~157 ; clk          ; clk         ; 1.000        ; -0.018     ; 13.708     ;
; -12.674 ; datapath:dp|pc:pc_reg|PC[6] ; datapath:dp|regfile:rf|rf~349 ; clk          ; clk         ; 1.000        ; 0.004      ; 13.714     ;
; -12.673 ; datapath:dp|pc:pc_reg|PC[6] ; datapath:dp|regfile:rf|rf~381 ; clk          ; clk         ; 1.000        ; 0.004      ; 13.713     ;
; -12.672 ; datapath:dp|pc:pc_reg|PC[7] ; datapath:dp|regfile:rf|rf~317 ; clk          ; clk         ; 1.000        ; -0.029     ; 13.679     ;
; -12.661 ; datapath:dp|pc:pc_reg|PC[5] ; datapath:dp|regfile:rf|rf~278 ; clk          ; clk         ; 1.000        ; -0.024     ; 13.673     ;
; -12.651 ; datapath:dp|pc:pc_reg|PC[6] ; datapath:dp|regfile:rf|rf~413 ; clk          ; clk         ; 1.000        ; -0.018     ; 13.669     ;
; -12.645 ; datapath:dp|pc:pc_reg|PC[2] ; datapath:dp|regfile:rf|rf~125 ; clk          ; clk         ; 1.000        ; -0.007     ; 13.674     ;
; -12.637 ; datapath:dp|pc:pc_reg|PC[6] ; datapath:dp|regfile:rf|rf~253 ; clk          ; clk         ; 1.000        ; 0.004      ; 13.677     ;
; -12.635 ; datapath:dp|pc:pc_reg|PC[5] ; datapath:dp|regfile:rf|rf~287 ; clk          ; clk         ; 1.000        ; -0.032     ; 13.639     ;
; -12.635 ; datapath:dp|pc:pc_reg|PC[6] ; datapath:dp|regfile:rf|rf~93  ; clk          ; clk         ; 1.000        ; -0.001     ; 13.670     ;
; -12.635 ; datapath:dp|pc:pc_reg|PC[2] ; datapath:dp|regfile:rf|rf~509 ; clk          ; clk         ; 1.000        ; -0.025     ; 13.646     ;
; -12.634 ; datapath:dp|pc:pc_reg|PC[2] ; datapath:dp|regfile:rf|rf~445 ; clk          ; clk         ; 1.000        ; -0.025     ; 13.645     ;
; -12.631 ; datapath:dp|pc:pc_reg|PC[5] ; datapath:dp|regfile:rf|rf~86  ; clk          ; clk         ; 1.000        ; -0.022     ; 13.645     ;
; -12.630 ; datapath:dp|pc:pc_reg|PC[5] ; datapath:dp|regfile:rf|rf~128 ; clk          ; clk         ; 1.000        ; -0.018     ; 13.648     ;
; -12.625 ; datapath:dp|pc:pc_reg|PC[3] ; datapath:dp|regfile:rf|rf~157 ; clk          ; clk         ; 1.000        ; -0.018     ; 13.643     ;
; -12.621 ; datapath:dp|pc:pc_reg|PC[5] ; datapath:dp|regfile:rf|rf~160 ; clk          ; clk         ; 1.000        ; -0.012     ; 13.645     ;
; -12.607 ; datapath:dp|pc:pc_reg|PC[7] ; datapath:dp|regfile:rf|rf~368 ; clk          ; clk         ; 1.000        ; 0.002      ; 13.645     ;
; -12.603 ; datapath:dp|pc:pc_reg|PC[5] ; datapath:dp|regfile:rf|rf~475 ; clk          ; clk         ; 1.000        ; -0.019     ; 13.620     ;
; -12.602 ; datapath:dp|pc:pc_reg|PC[5] ; datapath:dp|regfile:rf|rf~155 ; clk          ; clk         ; 1.000        ; -0.019     ; 13.619     ;
; -12.599 ; datapath:dp|pc:pc_reg|PC[4] ; datapath:dp|regfile:rf|rf~336 ; clk          ; clk         ; 1.000        ; 0.002      ; 13.637     ;
; -12.599 ; datapath:dp|pc:pc_reg|PC[4] ; datapath:dp|regfile:rf|rf~157 ; clk          ; clk         ; 1.000        ; -0.018     ; 13.617     ;
; -12.583 ; datapath:dp|pc:pc_reg|PC[4] ; datapath:dp|regfile:rf|rf~48  ; clk          ; clk         ; 1.000        ; 0.004      ; 13.623     ;
; -12.582 ; datapath:dp|pc:pc_reg|PC[6] ; datapath:dp|regfile:rf|rf~317 ; clk          ; clk         ; 1.000        ; -0.029     ; 13.589     ;
; -12.582 ; datapath:dp|pc:pc_reg|PC[4] ; datapath:dp|regfile:rf|rf~80  ; clk          ; clk         ; 1.000        ; 0.004      ; 13.622     ;
; -12.580 ; datapath:dp|pc:pc_reg|PC[3] ; datapath:dp|regfile:rf|rf~125 ; clk          ; clk         ; 1.000        ; -0.007     ; 13.609     ;
; -12.579 ; datapath:dp|pc:pc_reg|PC[5] ; datapath:dp|regfile:rf|rf~124 ; clk          ; clk         ; 1.000        ; -0.039     ; 13.576     ;
; -12.576 ; datapath:dp|pc:pc_reg|PC[5] ; datapath:dp|regfile:rf|rf~352 ; clk          ; clk         ; 1.000        ; -0.003     ; 13.609     ;
; -12.576 ; datapath:dp|pc:pc_reg|PC[5] ; datapath:dp|regfile:rf|rf~32  ; clk          ; clk         ; 1.000        ; -0.003     ; 13.609     ;
; -12.575 ; datapath:dp|pc:pc_reg|PC[5] ; datapath:dp|regfile:rf|rf~379 ; clk          ; clk         ; 1.000        ; -0.012     ; 13.599     ;
; -12.575 ; datapath:dp|pc:pc_reg|PC[5] ; datapath:dp|regfile:rf|rf~63  ; clk          ; clk         ; 1.000        ; -0.036     ; 13.575     ;
; -12.575 ; datapath:dp|pc:pc_reg|PC[7] ; datapath:dp|regfile:rf|rf~157 ; clk          ; clk         ; 1.000        ; -0.018     ; 13.593     ;
; -12.573 ; datapath:dp|pc:pc_reg|PC[5] ; datapath:dp|regfile:rf|rf~288 ; clk          ; clk         ; 1.000        ; -0.003     ; 13.606     ;
; -12.570 ; datapath:dp|pc:pc_reg|PC[7] ; datapath:dp|regfile:rf|rf~154 ; clk          ; clk         ; 1.000        ; -0.018     ; 13.588     ;
; -12.570 ; datapath:dp|pc:pc_reg|PC[3] ; datapath:dp|regfile:rf|rf~509 ; clk          ; clk         ; 1.000        ; -0.025     ; 13.581     ;
; -12.569 ; datapath:dp|pc:pc_reg|PC[3] ; datapath:dp|regfile:rf|rf~445 ; clk          ; clk         ; 1.000        ; -0.025     ; 13.580     ;
; -12.569 ; datapath:dp|pc:pc_reg|PC[2] ; datapath:dp|regfile:rf|rf~351 ; clk          ; clk         ; 1.000        ; -0.025     ; 13.580     ;
; -12.557 ; datapath:dp|pc:pc_reg|PC[2] ; datapath:dp|regfile:rf|rf~285 ; clk          ; clk         ; 1.000        ; -0.036     ; 13.557     ;
; -12.555 ; datapath:dp|pc:pc_reg|PC[5] ; datapath:dp|regfile:rf|rf~279 ; clk          ; clk         ; 1.000        ; -0.036     ; 13.555     ;
; -12.554 ; datapath:dp|pc:pc_reg|PC[4] ; datapath:dp|regfile:rf|rf~125 ; clk          ; clk         ; 1.000        ; -0.007     ; 13.583     ;
; -12.552 ; datapath:dp|pc:pc_reg|PC[7] ; datapath:dp|regfile:rf|rf~350 ; clk          ; clk         ; 1.000        ; -0.040     ; 13.548     ;
; -12.550 ; datapath:dp|pc:pc_reg|PC[2] ; datapath:dp|regfile:rf|rf~477 ; clk          ; clk         ; 1.000        ; -0.007     ; 13.579     ;
; -12.549 ; datapath:dp|pc:pc_reg|PC[2] ; datapath:dp|regfile:rf|rf~221 ; clk          ; clk         ; 1.000        ; -0.007     ; 13.578     ;
; -12.547 ; datapath:dp|pc:pc_reg|PC[5] ; datapath:dp|regfile:rf|rf~148 ; clk          ; clk         ; 1.000        ; -0.018     ; 13.565     ;
; -12.544 ; datapath:dp|pc:pc_reg|PC[4] ; datapath:dp|regfile:rf|rf~509 ; clk          ; clk         ; 1.000        ; -0.025     ; 13.555     ;
; -12.543 ; datapath:dp|pc:pc_reg|PC[4] ; datapath:dp|regfile:rf|rf~445 ; clk          ; clk         ; 1.000        ; -0.025     ; 13.554     ;
; -12.539 ; datapath:dp|pc:pc_reg|PC[5] ; datapath:dp|regfile:rf|rf~187 ; clk          ; clk         ; 1.000        ; -0.033     ; 13.542     ;
; -12.530 ; datapath:dp|pc:pc_reg|PC[7] ; datapath:dp|regfile:rf|rf~125 ; clk          ; clk         ; 1.000        ; -0.007     ; 13.559     ;
; -12.527 ; datapath:dp|pc:pc_reg|PC[2] ; datapath:dp|regfile:rf|rf~479 ; clk          ; clk         ; 1.000        ; 0.002      ; 13.565     ;
; -12.527 ; datapath:dp|pc:pc_reg|PC[2] ; datapath:dp|regfile:rf|rf~415 ; clk          ; clk         ; 1.000        ; 0.002      ; 13.565     ;
; -12.524 ; datapath:dp|pc:pc_reg|PC[5] ; datapath:dp|regfile:rf|rf~347 ; clk          ; clk         ; 1.000        ; -0.027     ; 13.533     ;
; -12.523 ; datapath:dp|pc:pc_reg|PC[5] ; datapath:dp|regfile:rf|rf~283 ; clk          ; clk         ; 1.000        ; -0.027     ; 13.532     ;
+---------+-----------------------------+-------------------------------+--------------+-------------+--------------+------------+------------+


+-------------------------------------------------------------------------------------------------------------------------------------------+
; Slow Model Hold: 'clk'                                                                                                                    ;
+-------+------------------------------+------------------------------+--------------+-------------+--------------+------------+------------+
; Slack ; From Node                    ; To Node                      ; Launch Clock ; Latch Clock ; Relationship ; Clock Skew ; Data Delay ;
+-------+------------------------------+------------------------------+--------------+-------------+--------------+------------+------------+
; 0.527 ; datapath:dp|pc:pc_reg|PC[31] ; datapath:dp|pc:pc_reg|PC[31] ; clk          ; clk         ; 0.000        ; 0.000      ; 0.793      ;
; 0.795 ; datapath:dp|pc:pc_reg|PC[17] ; datapath:dp|pc:pc_reg|PC[17] ; clk          ; clk         ; 0.000        ; 0.000      ; 1.061      ;
; 0.801 ; datapath:dp|pc:pc_reg|PC[10] ; datapath:dp|pc:pc_reg|PC[10] ; clk          ; clk         ; 0.000        ; 0.000      ; 1.067      ;
; 0.802 ; datapath:dp|pc:pc_reg|PC[12] ; datapath:dp|pc:pc_reg|PC[12] ; clk          ; clk         ; 0.000        ; 0.000      ; 1.068      ;
; 0.802 ; datapath:dp|pc:pc_reg|PC[30] ; datapath:dp|pc:pc_reg|PC[30] ; clk          ; clk         ; 0.000        ; 0.000      ; 1.068      ;
; 0.805 ; datapath:dp|pc:pc_reg|PC[18] ; datapath:dp|pc:pc_reg|PC[18] ; clk          ; clk         ; 0.000        ; 0.000      ; 1.071      ;
; 0.806 ; datapath:dp|pc:pc_reg|PC[8]  ; datapath:dp|pc:pc_reg|PC[8]  ; clk          ; clk         ; 0.000        ; 0.000      ; 1.072      ;
; 0.806 ; datapath:dp|pc:pc_reg|PC[14] ; datapath:dp|pc:pc_reg|PC[14] ; clk          ; clk         ; 0.000        ; 0.000      ; 1.072      ;
; 0.806 ; datapath:dp|pc:pc_reg|PC[15] ; datapath:dp|pc:pc_reg|PC[15] ; clk          ; clk         ; 0.000        ; 0.000      ; 1.072      ;
; 0.806 ; datapath:dp|pc:pc_reg|PC[16] ; datapath:dp|pc:pc_reg|PC[16] ; clk          ; clk         ; 0.000        ; 0.000      ; 1.072      ;
; 0.806 ; datapath:dp|pc:pc_reg|PC[19] ; datapath:dp|pc:pc_reg|PC[19] ; clk          ; clk         ; 0.000        ; 0.000      ; 1.072      ;
; 0.806 ; datapath:dp|pc:pc_reg|PC[21] ; datapath:dp|pc:pc_reg|PC[21] ; clk          ; clk         ; 0.000        ; 0.000      ; 1.072      ;
; 0.806 ; datapath:dp|pc:pc_reg|PC[24] ; datapath:dp|pc:pc_reg|PC[24] ; clk          ; clk         ; 0.000        ; 0.000      ; 1.072      ;
; 0.806 ; datapath:dp|pc:pc_reg|PC[26] ; datapath:dp|pc:pc_reg|PC[26] ; clk          ; clk         ; 0.000        ; 0.000      ; 1.072      ;
; 0.806 ; datapath:dp|pc:pc_reg|PC[28] ; datapath:dp|pc:pc_reg|PC[28] ; clk          ; clk         ; 0.000        ; 0.000      ; 1.072      ;
; 0.814 ; datapath:dp|pc:pc_reg|PC[3]  ; datapath:dp|pc:pc_reg|PC[3]  ; clk          ; clk         ; 0.000        ; 0.000      ; 1.080      ;
; 0.838 ; datapath:dp|pc:pc_reg|PC[9]  ; datapath:dp|pc:pc_reg|PC[9]  ; clk          ; clk         ; 0.000        ; 0.000      ; 1.104      ;
; 0.838 ; datapath:dp|pc:pc_reg|PC[11] ; datapath:dp|pc:pc_reg|PC[11] ; clk          ; clk         ; 0.000        ; 0.000      ; 1.104      ;
; 0.838 ; datapath:dp|pc:pc_reg|PC[13] ; datapath:dp|pc:pc_reg|PC[13] ; clk          ; clk         ; 0.000        ; 0.000      ; 1.104      ;
; 0.838 ; datapath:dp|pc:pc_reg|PC[20] ; datapath:dp|pc:pc_reg|PC[20] ; clk          ; clk         ; 0.000        ; 0.000      ; 1.104      ;
; 0.838 ; datapath:dp|pc:pc_reg|PC[25] ; datapath:dp|pc:pc_reg|PC[25] ; clk          ; clk         ; 0.000        ; 0.000      ; 1.104      ;
; 0.838 ; datapath:dp|pc:pc_reg|PC[27] ; datapath:dp|pc:pc_reg|PC[27] ; clk          ; clk         ; 0.000        ; 0.000      ; 1.104      ;
; 0.838 ; datapath:dp|pc:pc_reg|PC[29] ; datapath:dp|pc:pc_reg|PC[29] ; clk          ; clk         ; 0.000        ; 0.000      ; 1.104      ;
; 0.839 ; datapath:dp|pc:pc_reg|PC[22] ; datapath:dp|pc:pc_reg|PC[22] ; clk          ; clk         ; 0.000        ; 0.000      ; 1.105      ;
; 0.839 ; datapath:dp|pc:pc_reg|PC[23] ; datapath:dp|pc:pc_reg|PC[23] ; clk          ; clk         ; 0.000        ; 0.000      ; 1.105      ;
; 0.846 ; datapath:dp|pc:pc_reg|PC[4]  ; datapath:dp|pc:pc_reg|PC[4]  ; clk          ; clk         ; 0.000        ; 0.000      ; 1.112      ;
; 0.847 ; datapath:dp|pc:pc_reg|PC[6]  ; datapath:dp|pc:pc_reg|PC[6]  ; clk          ; clk         ; 0.000        ; 0.000      ; 1.113      ;
; 0.847 ; datapath:dp|pc:pc_reg|PC[7]  ; datapath:dp|pc:pc_reg|PC[7]  ; clk          ; clk         ; 0.000        ; 0.000      ; 1.113      ;
; 1.028 ; datapath:dp|pc:pc_reg|PC[5]  ; datapath:dp|pc:pc_reg|PC[5]  ; clk          ; clk         ; 0.000        ; 0.000      ; 1.294      ;
; 1.178 ; datapath:dp|pc:pc_reg|PC[17] ; datapath:dp|pc:pc_reg|PC[18] ; clk          ; clk         ; 0.000        ; 0.000      ; 1.444      ;
; 1.178 ; datapath:dp|pc:pc_reg|PC[2]  ; datapath:dp|pc:pc_reg|PC[3]  ; clk          ; clk         ; 0.000        ; 0.000      ; 1.444      ;
; 1.184 ; datapath:dp|pc:pc_reg|PC[10] ; datapath:dp|pc:pc_reg|PC[11] ; clk          ; clk         ; 0.000        ; 0.000      ; 1.450      ;
; 1.185 ; datapath:dp|pc:pc_reg|PC[30] ; datapath:dp|pc:pc_reg|PC[31] ; clk          ; clk         ; 0.000        ; 0.000      ; 1.451      ;
; 1.185 ; datapath:dp|pc:pc_reg|PC[12] ; datapath:dp|pc:pc_reg|PC[13] ; clk          ; clk         ; 0.000        ; 0.000      ; 1.451      ;
; 1.188 ; datapath:dp|pc:pc_reg|PC[18] ; datapath:dp|pc:pc_reg|PC[19] ; clk          ; clk         ; 0.000        ; 0.000      ; 1.454      ;
; 1.189 ; datapath:dp|pc:pc_reg|PC[14] ; datapath:dp|pc:pc_reg|PC[15] ; clk          ; clk         ; 0.000        ; 0.000      ; 1.455      ;
; 1.189 ; datapath:dp|pc:pc_reg|PC[15] ; datapath:dp|pc:pc_reg|PC[16] ; clk          ; clk         ; 0.000        ; 0.000      ; 1.455      ;
; 1.189 ; datapath:dp|pc:pc_reg|PC[19] ; datapath:dp|pc:pc_reg|PC[20] ; clk          ; clk         ; 0.000        ; 0.000      ; 1.455      ;
; 1.189 ; datapath:dp|pc:pc_reg|PC[26] ; datapath:dp|pc:pc_reg|PC[27] ; clk          ; clk         ; 0.000        ; 0.000      ; 1.455      ;
; 1.189 ; datapath:dp|pc:pc_reg|PC[28] ; datapath:dp|pc:pc_reg|PC[29] ; clk          ; clk         ; 0.000        ; 0.000      ; 1.455      ;
; 1.189 ; datapath:dp|pc:pc_reg|PC[21] ; datapath:dp|pc:pc_reg|PC[22] ; clk          ; clk         ; 0.000        ; 0.000      ; 1.455      ;
; 1.197 ; datapath:dp|pc:pc_reg|PC[3]  ; datapath:dp|pc:pc_reg|PC[4]  ; clk          ; clk         ; 0.000        ; 0.000      ; 1.463      ;
; 1.224 ; datapath:dp|pc:pc_reg|PC[9]  ; datapath:dp|pc:pc_reg|PC[10] ; clk          ; clk         ; 0.000        ; 0.000      ; 1.490      ;
; 1.224 ; datapath:dp|pc:pc_reg|PC[11] ; datapath:dp|pc:pc_reg|PC[12] ; clk          ; clk         ; 0.000        ; 0.000      ; 1.490      ;
; 1.224 ; datapath:dp|pc:pc_reg|PC[29] ; datapath:dp|pc:pc_reg|PC[30] ; clk          ; clk         ; 0.000        ; 0.000      ; 1.490      ;
; 1.224 ; datapath:dp|pc:pc_reg|PC[13] ; datapath:dp|pc:pc_reg|PC[14] ; clk          ; clk         ; 0.000        ; 0.000      ; 1.490      ;
; 1.224 ; datapath:dp|pc:pc_reg|PC[20] ; datapath:dp|pc:pc_reg|PC[21] ; clk          ; clk         ; 0.000        ; 0.000      ; 1.490      ;
; 1.224 ; datapath:dp|pc:pc_reg|PC[25] ; datapath:dp|pc:pc_reg|PC[26] ; clk          ; clk         ; 0.000        ; 0.000      ; 1.490      ;
; 1.224 ; datapath:dp|pc:pc_reg|PC[27] ; datapath:dp|pc:pc_reg|PC[28] ; clk          ; clk         ; 0.000        ; 0.000      ; 1.490      ;
; 1.225 ; datapath:dp|pc:pc_reg|PC[23] ; datapath:dp|pc:pc_reg|PC[24] ; clk          ; clk         ; 0.000        ; 0.000      ; 1.491      ;
; 1.225 ; datapath:dp|pc:pc_reg|PC[22] ; datapath:dp|pc:pc_reg|PC[23] ; clk          ; clk         ; 0.000        ; 0.000      ; 1.491      ;
; 1.232 ; datapath:dp|pc:pc_reg|PC[4]  ; datapath:dp|pc:pc_reg|PC[5]  ; clk          ; clk         ; 0.000        ; 0.000      ; 1.498      ;
; 1.233 ; datapath:dp|pc:pc_reg|PC[7]  ; datapath:dp|pc:pc_reg|PC[8]  ; clk          ; clk         ; 0.000        ; 0.000      ; 1.499      ;
; 1.233 ; datapath:dp|pc:pc_reg|PC[6]  ; datapath:dp|pc:pc_reg|PC[7]  ; clk          ; clk         ; 0.000        ; 0.000      ; 1.499      ;
; 1.249 ; datapath:dp|pc:pc_reg|PC[17] ; datapath:dp|pc:pc_reg|PC[19] ; clk          ; clk         ; 0.000        ; 0.000      ; 1.515      ;
; 1.249 ; datapath:dp|pc:pc_reg|PC[2]  ; datapath:dp|pc:pc_reg|PC[4]  ; clk          ; clk         ; 0.000        ; 0.000      ; 1.515      ;
; 1.255 ; datapath:dp|pc:pc_reg|PC[10] ; datapath:dp|pc:pc_reg|PC[12] ; clk          ; clk         ; 0.000        ; 0.000      ; 1.521      ;
; 1.256 ; datapath:dp|pc:pc_reg|PC[12] ; datapath:dp|pc:pc_reg|PC[14] ; clk          ; clk         ; 0.000        ; 0.000      ; 1.522      ;
; 1.259 ; datapath:dp|pc:pc_reg|PC[18] ; datapath:dp|pc:pc_reg|PC[20] ; clk          ; clk         ; 0.000        ; 0.000      ; 1.525      ;
; 1.260 ; datapath:dp|pc:pc_reg|PC[14] ; datapath:dp|pc:pc_reg|PC[16] ; clk          ; clk         ; 0.000        ; 0.000      ; 1.526      ;
; 1.260 ; datapath:dp|pc:pc_reg|PC[28] ; datapath:dp|pc:pc_reg|PC[30] ; clk          ; clk         ; 0.000        ; 0.000      ; 1.526      ;
; 1.260 ; datapath:dp|pc:pc_reg|PC[19] ; datapath:dp|pc:pc_reg|PC[21] ; clk          ; clk         ; 0.000        ; 0.000      ; 1.526      ;
; 1.260 ; datapath:dp|pc:pc_reg|PC[26] ; datapath:dp|pc:pc_reg|PC[28] ; clk          ; clk         ; 0.000        ; 0.000      ; 1.526      ;
; 1.260 ; datapath:dp|pc:pc_reg|PC[21] ; datapath:dp|pc:pc_reg|PC[23] ; clk          ; clk         ; 0.000        ; 0.000      ; 1.526      ;
; 1.268 ; datapath:dp|pc:pc_reg|PC[3]  ; datapath:dp|pc:pc_reg|PC[5]  ; clk          ; clk         ; 0.000        ; 0.000      ; 1.534      ;
; 1.281 ; datapath:dp|pc:pc_reg|PC[8]  ; datapath:dp|pc:pc_reg|PC[9]  ; clk          ; clk         ; 0.000        ; 0.000      ; 1.547      ;
; 1.281 ; datapath:dp|pc:pc_reg|PC[24] ; datapath:dp|pc:pc_reg|PC[25] ; clk          ; clk         ; 0.000        ; 0.000      ; 1.547      ;
; 1.284 ; datapath:dp|pc:pc_reg|PC[16] ; datapath:dp|pc:pc_reg|PC[17] ; clk          ; clk         ; 0.000        ; -0.003     ; 1.547      ;
; 1.295 ; datapath:dp|pc:pc_reg|PC[9]  ; datapath:dp|pc:pc_reg|PC[11] ; clk          ; clk         ; 0.000        ; 0.000      ; 1.561      ;
; 1.295 ; datapath:dp|pc:pc_reg|PC[29] ; datapath:dp|pc:pc_reg|PC[31] ; clk          ; clk         ; 0.000        ; 0.000      ; 1.561      ;
; 1.295 ; datapath:dp|pc:pc_reg|PC[11] ; datapath:dp|pc:pc_reg|PC[13] ; clk          ; clk         ; 0.000        ; 0.000      ; 1.561      ;
; 1.295 ; datapath:dp|pc:pc_reg|PC[13] ; datapath:dp|pc:pc_reg|PC[15] ; clk          ; clk         ; 0.000        ; 0.000      ; 1.561      ;
; 1.295 ; datapath:dp|pc:pc_reg|PC[25] ; datapath:dp|pc:pc_reg|PC[27] ; clk          ; clk         ; 0.000        ; 0.000      ; 1.561      ;
; 1.295 ; datapath:dp|pc:pc_reg|PC[27] ; datapath:dp|pc:pc_reg|PC[29] ; clk          ; clk         ; 0.000        ; 0.000      ; 1.561      ;
; 1.295 ; datapath:dp|pc:pc_reg|PC[20] ; datapath:dp|pc:pc_reg|PC[22] ; clk          ; clk         ; 0.000        ; 0.000      ; 1.561      ;
; 1.296 ; datapath:dp|pc:pc_reg|PC[22] ; datapath:dp|pc:pc_reg|PC[24] ; clk          ; clk         ; 0.000        ; 0.000      ; 1.562      ;
; 1.303 ; datapath:dp|pc:pc_reg|PC[4]  ; datapath:dp|pc:pc_reg|PC[6]  ; clk          ; clk         ; 0.000        ; 0.000      ; 1.569      ;
; 1.304 ; datapath:dp|pc:pc_reg|PC[6]  ; datapath:dp|pc:pc_reg|PC[8]  ; clk          ; clk         ; 0.000        ; 0.000      ; 1.570      ;
; 1.320 ; datapath:dp|pc:pc_reg|PC[17] ; datapath:dp|pc:pc_reg|PC[20] ; clk          ; clk         ; 0.000        ; 0.000      ; 1.586      ;
; 1.320 ; datapath:dp|pc:pc_reg|PC[2]  ; datapath:dp|pc:pc_reg|PC[5]  ; clk          ; clk         ; 0.000        ; 0.000      ; 1.586      ;
; 1.326 ; datapath:dp|pc:pc_reg|PC[10] ; datapath:dp|pc:pc_reg|PC[13] ; clk          ; clk         ; 0.000        ; 0.000      ; 1.592      ;
; 1.327 ; datapath:dp|pc:pc_reg|PC[12] ; datapath:dp|pc:pc_reg|PC[15] ; clk          ; clk         ; 0.000        ; 0.000      ; 1.593      ;
; 1.330 ; datapath:dp|pc:pc_reg|PC[18] ; datapath:dp|pc:pc_reg|PC[21] ; clk          ; clk         ; 0.000        ; 0.000      ; 1.596      ;
; 1.331 ; datapath:dp|pc:pc_reg|PC[28] ; datapath:dp|pc:pc_reg|PC[31] ; clk          ; clk         ; 0.000        ; 0.000      ; 1.597      ;
; 1.331 ; datapath:dp|pc:pc_reg|PC[26] ; datapath:dp|pc:pc_reg|PC[29] ; clk          ; clk         ; 0.000        ; 0.000      ; 1.597      ;
; 1.331 ; datapath:dp|pc:pc_reg|PC[19] ; datapath:dp|pc:pc_reg|PC[22] ; clk          ; clk         ; 0.000        ; 0.000      ; 1.597      ;
; 1.331 ; datapath:dp|pc:pc_reg|PC[21] ; datapath:dp|pc:pc_reg|PC[24] ; clk          ; clk         ; 0.000        ; 0.000      ; 1.597      ;
; 1.338 ; datapath:dp|pc:pc_reg|PC[15] ; datapath:dp|pc:pc_reg|PC[17] ; clk          ; clk         ; 0.000        ; -0.003     ; 1.601      ;
; 1.339 ; datapath:dp|pc:pc_reg|PC[3]  ; datapath:dp|pc:pc_reg|PC[6]  ; clk          ; clk         ; 0.000        ; 0.000      ; 1.605      ;
; 1.352 ; datapath:dp|pc:pc_reg|PC[8]  ; datapath:dp|pc:pc_reg|PC[10] ; clk          ; clk         ; 0.000        ; 0.000      ; 1.618      ;
; 1.352 ; datapath:dp|pc:pc_reg|PC[24] ; datapath:dp|pc:pc_reg|PC[26] ; clk          ; clk         ; 0.000        ; 0.000      ; 1.618      ;
; 1.355 ; datapath:dp|pc:pc_reg|PC[16] ; datapath:dp|pc:pc_reg|PC[18] ; clk          ; clk         ; 0.000        ; -0.003     ; 1.618      ;
; 1.366 ; datapath:dp|pc:pc_reg|PC[9]  ; datapath:dp|pc:pc_reg|PC[12] ; clk          ; clk         ; 0.000        ; 0.000      ; 1.632      ;
; 1.366 ; datapath:dp|pc:pc_reg|PC[11] ; datapath:dp|pc:pc_reg|PC[14] ; clk          ; clk         ; 0.000        ; 0.000      ; 1.632      ;
; 1.366 ; datapath:dp|pc:pc_reg|PC[13] ; datapath:dp|pc:pc_reg|PC[16] ; clk          ; clk         ; 0.000        ; 0.000      ; 1.632      ;
; 1.366 ; datapath:dp|pc:pc_reg|PC[27] ; datapath:dp|pc:pc_reg|PC[30] ; clk          ; clk         ; 0.000        ; 0.000      ; 1.632      ;
; 1.366 ; datapath:dp|pc:pc_reg|PC[25] ; datapath:dp|pc:pc_reg|PC[28] ; clk          ; clk         ; 0.000        ; 0.000      ; 1.632      ;
; 1.366 ; datapath:dp|pc:pc_reg|PC[20] ; datapath:dp|pc:pc_reg|PC[23] ; clk          ; clk         ; 0.000        ; 0.000      ; 1.632      ;
; 1.374 ; datapath:dp|pc:pc_reg|PC[4]  ; datapath:dp|pc:pc_reg|PC[7]  ; clk          ; clk         ; 0.000        ; 0.000      ; 1.640      ;
; 1.384 ; datapath:dp|pc:pc_reg|PC[23] ; datapath:dp|pc:pc_reg|PC[25] ; clk          ; clk         ; 0.000        ; 0.000      ; 1.650      ;
+-------+------------------------------+------------------------------+--------------+-------------+--------------+------------+------------+


+----------------------------------------------------------------------------------------------------------------+
; Slow Model Minimum Pulse Width: 'clk'                                                                          ;
+--------+--------------+----------------+------------------+-------+------------+-------------------------------+
; Slack  ; Actual Width ; Required Width ; Type             ; Clock ; Clock Edge ; Target                        ;
+--------+--------------+----------------+------------------+-------+------------+-------------------------------+
; -1.380 ; 1.000        ; 2.380          ; Port Rate        ; clk   ; Rise       ; clk                           ;
; -0.500 ; 0.500        ; 1.000          ; High Pulse Width ; clk   ; Rise       ; datapath:dp|pc:pc_reg|PC[10]  ;
; -0.500 ; 0.500        ; 1.000          ; Low Pulse Width  ; clk   ; Rise       ; datapath:dp|pc:pc_reg|PC[10]  ;
; -0.500 ; 0.500        ; 1.000          ; High Pulse Width ; clk   ; Rise       ; datapath:dp|pc:pc_reg|PC[11]  ;
; -0.500 ; 0.500        ; 1.000          ; Low Pulse Width  ; clk   ; Rise       ; datapath:dp|pc:pc_reg|PC[11]  ;
; -0.500 ; 0.500        ; 1.000          ; High Pulse Width ; clk   ; Rise       ; datapath:dp|pc:pc_reg|PC[12]  ;
; -0.500 ; 0.500        ; 1.000          ; Low Pulse Width  ; clk   ; Rise       ; datapath:dp|pc:pc_reg|PC[12]  ;
; -0.500 ; 0.500        ; 1.000          ; High Pulse Width ; clk   ; Rise       ; datapath:dp|pc:pc_reg|PC[13]  ;
; -0.500 ; 0.500        ; 1.000          ; Low Pulse Width  ; clk   ; Rise       ; datapath:dp|pc:pc_reg|PC[13]  ;
; -0.500 ; 0.500        ; 1.000          ; High Pulse Width ; clk   ; Rise       ; datapath:dp|pc:pc_reg|PC[14]  ;
; -0.500 ; 0.500        ; 1.000          ; Low Pulse Width  ; clk   ; Rise       ; datapath:dp|pc:pc_reg|PC[14]  ;
; -0.500 ; 0.500        ; 1.000          ; High Pulse Width ; clk   ; Rise       ; datapath:dp|pc:pc_reg|PC[15]  ;
; -0.500 ; 0.500        ; 1.000          ; Low Pulse Width  ; clk   ; Rise       ; datapath:dp|pc:pc_reg|PC[15]  ;
; -0.500 ; 0.500        ; 1.000          ; High Pulse Width ; clk   ; Rise       ; datapath:dp|pc:pc_reg|PC[16]  ;
; -0.500 ; 0.500        ; 1.000          ; Low Pulse Width  ; clk   ; Rise       ; datapath:dp|pc:pc_reg|PC[16]  ;
; -0.500 ; 0.500        ; 1.000          ; High Pulse Width ; clk   ; Rise       ; datapath:dp|pc:pc_reg|PC[17]  ;
; -0.500 ; 0.500        ; 1.000          ; Low Pulse Width  ; clk   ; Rise       ; datapath:dp|pc:pc_reg|PC[17]  ;
; -0.500 ; 0.500        ; 1.000          ; High Pulse Width ; clk   ; Rise       ; datapath:dp|pc:pc_reg|PC[18]  ;
; -0.500 ; 0.500        ; 1.000          ; Low Pulse Width  ; clk   ; Rise       ; datapath:dp|pc:pc_reg|PC[18]  ;
; -0.500 ; 0.500        ; 1.000          ; High Pulse Width ; clk   ; Rise       ; datapath:dp|pc:pc_reg|PC[19]  ;
; -0.500 ; 0.500        ; 1.000          ; Low Pulse Width  ; clk   ; Rise       ; datapath:dp|pc:pc_reg|PC[19]  ;
; -0.500 ; 0.500        ; 1.000          ; High Pulse Width ; clk   ; Rise       ; datapath:dp|pc:pc_reg|PC[20]  ;
; -0.500 ; 0.500        ; 1.000          ; Low Pulse Width  ; clk   ; Rise       ; datapath:dp|pc:pc_reg|PC[20]  ;
; -0.500 ; 0.500        ; 1.000          ; High Pulse Width ; clk   ; Rise       ; datapath:dp|pc:pc_reg|PC[21]  ;
; -0.500 ; 0.500        ; 1.000          ; Low Pulse Width  ; clk   ; Rise       ; datapath:dp|pc:pc_reg|PC[21]  ;
; -0.500 ; 0.500        ; 1.000          ; High Pulse Width ; clk   ; Rise       ; datapath:dp|pc:pc_reg|PC[22]  ;
; -0.500 ; 0.500        ; 1.000          ; Low Pulse Width  ; clk   ; Rise       ; datapath:dp|pc:pc_reg|PC[22]  ;
; -0.500 ; 0.500        ; 1.000          ; High Pulse Width ; clk   ; Rise       ; datapath:dp|pc:pc_reg|PC[23]  ;
; -0.500 ; 0.500        ; 1.000          ; Low Pulse Width  ; clk   ; Rise       ; datapath:dp|pc:pc_reg|PC[23]  ;
; -0.500 ; 0.500        ; 1.000          ; High Pulse Width ; clk   ; Rise       ; datapath:dp|pc:pc_reg|PC[24]  ;
; -0.500 ; 0.500        ; 1.000          ; Low Pulse Width  ; clk   ; Rise       ; datapath:dp|pc:pc_reg|PC[24]  ;
; -0.500 ; 0.500        ; 1.000          ; High Pulse Width ; clk   ; Rise       ; datapath:dp|pc:pc_reg|PC[25]  ;
; -0.500 ; 0.500        ; 1.000          ; Low Pulse Width  ; clk   ; Rise       ; datapath:dp|pc:pc_reg|PC[25]  ;
; -0.500 ; 0.500        ; 1.000          ; High Pulse Width ; clk   ; Rise       ; datapath:dp|pc:pc_reg|PC[26]  ;
; -0.500 ; 0.500        ; 1.000          ; Low Pulse Width  ; clk   ; Rise       ; datapath:dp|pc:pc_reg|PC[26]  ;
; -0.500 ; 0.500        ; 1.000          ; High Pulse Width ; clk   ; Rise       ; datapath:dp|pc:pc_reg|PC[27]  ;
; -0.500 ; 0.500        ; 1.000          ; Low Pulse Width  ; clk   ; Rise       ; datapath:dp|pc:pc_reg|PC[27]  ;
; -0.500 ; 0.500        ; 1.000          ; High Pulse Width ; clk   ; Rise       ; datapath:dp|pc:pc_reg|PC[28]  ;
; -0.500 ; 0.500        ; 1.000          ; Low Pulse Width  ; clk   ; Rise       ; datapath:dp|pc:pc_reg|PC[28]  ;
; -0.500 ; 0.500        ; 1.000          ; High Pulse Width ; clk   ; Rise       ; datapath:dp|pc:pc_reg|PC[29]  ;
; -0.500 ; 0.500        ; 1.000          ; Low Pulse Width  ; clk   ; Rise       ; datapath:dp|pc:pc_reg|PC[29]  ;
; -0.500 ; 0.500        ; 1.000          ; High Pulse Width ; clk   ; Rise       ; datapath:dp|pc:pc_reg|PC[2]   ;
; -0.500 ; 0.500        ; 1.000          ; Low Pulse Width  ; clk   ; Rise       ; datapath:dp|pc:pc_reg|PC[2]   ;
; -0.500 ; 0.500        ; 1.000          ; High Pulse Width ; clk   ; Rise       ; datapath:dp|pc:pc_reg|PC[30]  ;
; -0.500 ; 0.500        ; 1.000          ; Low Pulse Width  ; clk   ; Rise       ; datapath:dp|pc:pc_reg|PC[30]  ;
; -0.500 ; 0.500        ; 1.000          ; High Pulse Width ; clk   ; Rise       ; datapath:dp|pc:pc_reg|PC[31]  ;
; -0.500 ; 0.500        ; 1.000          ; Low Pulse Width  ; clk   ; Rise       ; datapath:dp|pc:pc_reg|PC[31]  ;
; -0.500 ; 0.500        ; 1.000          ; High Pulse Width ; clk   ; Rise       ; datapath:dp|pc:pc_reg|PC[3]   ;
; -0.500 ; 0.500        ; 1.000          ; Low Pulse Width  ; clk   ; Rise       ; datapath:dp|pc:pc_reg|PC[3]   ;
; -0.500 ; 0.500        ; 1.000          ; High Pulse Width ; clk   ; Rise       ; datapath:dp|pc:pc_reg|PC[4]   ;
; -0.500 ; 0.500        ; 1.000          ; Low Pulse Width  ; clk   ; Rise       ; datapath:dp|pc:pc_reg|PC[4]   ;
; -0.500 ; 0.500        ; 1.000          ; High Pulse Width ; clk   ; Rise       ; datapath:dp|pc:pc_reg|PC[5]   ;
; -0.500 ; 0.500        ; 1.000          ; Low Pulse Width  ; clk   ; Rise       ; datapath:dp|pc:pc_reg|PC[5]   ;
; -0.500 ; 0.500        ; 1.000          ; High Pulse Width ; clk   ; Rise       ; datapath:dp|pc:pc_reg|PC[6]   ;
; -0.500 ; 0.500        ; 1.000          ; Low Pulse Width  ; clk   ; Rise       ; datapath:dp|pc:pc_reg|PC[6]   ;
; -0.500 ; 0.500        ; 1.000          ; High Pulse Width ; clk   ; Rise       ; datapath:dp|pc:pc_reg|PC[7]   ;
; -0.500 ; 0.500        ; 1.000          ; Low Pulse Width  ; clk   ; Rise       ; datapath:dp|pc:pc_reg|PC[7]   ;
; -0.500 ; 0.500        ; 1.000          ; High Pulse Width ; clk   ; Rise       ; datapath:dp|pc:pc_reg|PC[8]   ;
; -0.500 ; 0.500        ; 1.000          ; Low Pulse Width  ; clk   ; Rise       ; datapath:dp|pc:pc_reg|PC[8]   ;
; -0.500 ; 0.500        ; 1.000          ; High Pulse Width ; clk   ; Rise       ; datapath:dp|pc:pc_reg|PC[9]   ;
; -0.500 ; 0.500        ; 1.000          ; Low Pulse Width  ; clk   ; Rise       ; datapath:dp|pc:pc_reg|PC[9]   ;
; -0.500 ; 0.500        ; 1.000          ; High Pulse Width ; clk   ; Rise       ; datapath:dp|regfile:rf|rf~100 ;
; -0.500 ; 0.500        ; 1.000          ; Low Pulse Width  ; clk   ; Rise       ; datapath:dp|regfile:rf|rf~100 ;
; -0.500 ; 0.500        ; 1.000          ; High Pulse Width ; clk   ; Rise       ; datapath:dp|regfile:rf|rf~101 ;
; -0.500 ; 0.500        ; 1.000          ; Low Pulse Width  ; clk   ; Rise       ; datapath:dp|regfile:rf|rf~101 ;
; -0.500 ; 0.500        ; 1.000          ; High Pulse Width ; clk   ; Rise       ; datapath:dp|regfile:rf|rf~102 ;
; -0.500 ; 0.500        ; 1.000          ; Low Pulse Width  ; clk   ; Rise       ; datapath:dp|regfile:rf|rf~102 ;
; -0.500 ; 0.500        ; 1.000          ; High Pulse Width ; clk   ; Rise       ; datapath:dp|regfile:rf|rf~103 ;
; -0.500 ; 0.500        ; 1.000          ; Low Pulse Width  ; clk   ; Rise       ; datapath:dp|regfile:rf|rf~103 ;
; -0.500 ; 0.500        ; 1.000          ; High Pulse Width ; clk   ; Rise       ; datapath:dp|regfile:rf|rf~104 ;
; -0.500 ; 0.500        ; 1.000          ; Low Pulse Width  ; clk   ; Rise       ; datapath:dp|regfile:rf|rf~104 ;
; -0.500 ; 0.500        ; 1.000          ; High Pulse Width ; clk   ; Rise       ; datapath:dp|regfile:rf|rf~105 ;
; -0.500 ; 0.500        ; 1.000          ; Low Pulse Width  ; clk   ; Rise       ; datapath:dp|regfile:rf|rf~105 ;
; -0.500 ; 0.500        ; 1.000          ; High Pulse Width ; clk   ; Rise       ; datapath:dp|regfile:rf|rf~106 ;
; -0.500 ; 0.500        ; 1.000          ; Low Pulse Width  ; clk   ; Rise       ; datapath:dp|regfile:rf|rf~106 ;
; -0.500 ; 0.500        ; 1.000          ; High Pulse Width ; clk   ; Rise       ; datapath:dp|regfile:rf|rf~107 ;
; -0.500 ; 0.500        ; 1.000          ; Low Pulse Width  ; clk   ; Rise       ; datapath:dp|regfile:rf|rf~107 ;
; -0.500 ; 0.500        ; 1.000          ; High Pulse Width ; clk   ; Rise       ; datapath:dp|regfile:rf|rf~108 ;
; -0.500 ; 0.500        ; 1.000          ; Low Pulse Width  ; clk   ; Rise       ; datapath:dp|regfile:rf|rf~108 ;
; -0.500 ; 0.500        ; 1.000          ; High Pulse Width ; clk   ; Rise       ; datapath:dp|regfile:rf|rf~109 ;
; -0.500 ; 0.500        ; 1.000          ; Low Pulse Width  ; clk   ; Rise       ; datapath:dp|regfile:rf|rf~109 ;
; -0.500 ; 0.500        ; 1.000          ; High Pulse Width ; clk   ; Rise       ; datapath:dp|regfile:rf|rf~110 ;
; -0.500 ; 0.500        ; 1.000          ; Low Pulse Width  ; clk   ; Rise       ; datapath:dp|regfile:rf|rf~110 ;
; -0.500 ; 0.500        ; 1.000          ; High Pulse Width ; clk   ; Rise       ; datapath:dp|regfile:rf|rf~111 ;
; -0.500 ; 0.500        ; 1.000          ; Low Pulse Width  ; clk   ; Rise       ; datapath:dp|regfile:rf|rf~111 ;
; -0.500 ; 0.500        ; 1.000          ; High Pulse Width ; clk   ; Rise       ; datapath:dp|regfile:rf|rf~112 ;
; -0.500 ; 0.500        ; 1.000          ; Low Pulse Width  ; clk   ; Rise       ; datapath:dp|regfile:rf|rf~112 ;
; -0.500 ; 0.500        ; 1.000          ; High Pulse Width ; clk   ; Rise       ; datapath:dp|regfile:rf|rf~113 ;
; -0.500 ; 0.500        ; 1.000          ; Low Pulse Width  ; clk   ; Rise       ; datapath:dp|regfile:rf|rf~113 ;
; -0.500 ; 0.500        ; 1.000          ; High Pulse Width ; clk   ; Rise       ; datapath:dp|regfile:rf|rf~114 ;
; -0.500 ; 0.500        ; 1.000          ; Low Pulse Width  ; clk   ; Rise       ; datapath:dp|regfile:rf|rf~114 ;
; -0.500 ; 0.500        ; 1.000          ; High Pulse Width ; clk   ; Rise       ; datapath:dp|regfile:rf|rf~115 ;
; -0.500 ; 0.500        ; 1.000          ; Low Pulse Width  ; clk   ; Rise       ; datapath:dp|regfile:rf|rf~115 ;
; -0.500 ; 0.500        ; 1.000          ; High Pulse Width ; clk   ; Rise       ; datapath:dp|regfile:rf|rf~116 ;
; -0.500 ; 0.500        ; 1.000          ; Low Pulse Width  ; clk   ; Rise       ; datapath:dp|regfile:rf|rf~116 ;
; -0.500 ; 0.500        ; 1.000          ; High Pulse Width ; clk   ; Rise       ; datapath:dp|regfile:rf|rf~117 ;
; -0.500 ; 0.500        ; 1.000          ; Low Pulse Width  ; clk   ; Rise       ; datapath:dp|regfile:rf|rf~117 ;
; -0.500 ; 0.500        ; 1.000          ; High Pulse Width ; clk   ; Rise       ; datapath:dp|regfile:rf|rf~118 ;
; -0.500 ; 0.500        ; 1.000          ; Low Pulse Width  ; clk   ; Rise       ; datapath:dp|regfile:rf|rf~118 ;
; -0.500 ; 0.500        ; 1.000          ; High Pulse Width ; clk   ; Rise       ; datapath:dp|regfile:rf|rf~119 ;
+--------+--------------+----------------+------------------+-------+------------+-------------------------------+


+----------------------------------------------------------------------------------+
; Clock to Output Times                                                            ;
+--------------------+------------+--------+--------+------------+-----------------+
; Data Port          ; Clock Port ; Rise   ; Fall   ; Clock Edge ; Clock Reference ;
+--------------------+------------+--------+--------+------------+-----------------+
; ALUResult_out[*]   ; clk        ; 20.033 ; 20.033 ; Rise       ; clk             ;
;  ALUResult_out[0]  ; clk        ; 19.783 ; 19.783 ; Rise       ; clk             ;
;  ALUResult_out[1]  ; clk        ; 18.218 ; 18.218 ; Rise       ; clk             ;
;  ALUResult_out[2]  ; clk        ; 19.471 ; 19.471 ; Rise       ; clk             ;
;  ALUResult_out[3]  ; clk        ; 19.807 ; 19.807 ; Rise       ; clk             ;
;  ALUResult_out[4]  ; clk        ; 19.336 ; 19.336 ; Rise       ; clk             ;
;  ALUResult_out[5]  ; clk        ; 19.312 ; 19.312 ; Rise       ; clk             ;
;  ALUResult_out[6]  ; clk        ; 19.037 ; 19.037 ; Rise       ; clk             ;
;  ALUResult_out[7]  ; clk        ; 19.482 ; 19.482 ; Rise       ; clk             ;
;  ALUResult_out[8]  ; clk        ; 19.774 ; 19.774 ; Rise       ; clk             ;
;  ALUResult_out[9]  ; clk        ; 19.297 ; 19.297 ; Rise       ; clk             ;
;  ALUResult_out[10] ; clk        ; 18.969 ; 18.969 ; Rise       ; clk             ;
;  ALUResult_out[11] ; clk        ; 18.915 ; 18.915 ; Rise       ; clk             ;
;  ALUResult_out[12] ; clk        ; 19.023 ; 19.023 ; Rise       ; clk             ;
;  ALUResult_out[13] ; clk        ; 18.852 ; 18.852 ; Rise       ; clk             ;
;  ALUResult_out[14] ; clk        ; 19.222 ; 19.222 ; Rise       ; clk             ;
;  ALUResult_out[15] ; clk        ; 20.033 ; 20.033 ; Rise       ; clk             ;
;  ALUResult_out[16] ; clk        ; 19.181 ; 19.181 ; Rise       ; clk             ;
;  ALUResult_out[17] ; clk        ; 19.474 ; 19.474 ; Rise       ; clk             ;
;  ALUResult_out[18] ; clk        ; 19.028 ; 19.028 ; Rise       ; clk             ;
;  ALUResult_out[19] ; clk        ; 19.447 ; 19.447 ; Rise       ; clk             ;
;  ALUResult_out[20] ; clk        ; 19.597 ; 19.597 ; Rise       ; clk             ;
;  ALUResult_out[21] ; clk        ; 18.779 ; 18.779 ; Rise       ; clk             ;
;  ALUResult_out[22] ; clk        ; 19.992 ; 19.992 ; Rise       ; clk             ;
;  ALUResult_out[23] ; clk        ; 19.922 ; 19.922 ; Rise       ; clk             ;
;  ALUResult_out[24] ; clk        ; 19.545 ; 19.545 ; Rise       ; clk             ;
;  ALUResult_out[25] ; clk        ; 19.387 ; 19.387 ; Rise       ; clk             ;
;  ALUResult_out[26] ; clk        ; 19.194 ; 19.194 ; Rise       ; clk             ;
;  ALUResult_out[27] ; clk        ; 19.085 ; 19.085 ; Rise       ; clk             ;
;  ALUResult_out[28] ; clk        ; 19.246 ; 19.246 ; Rise       ; clk             ;
;  ALUResult_out[29] ; clk        ; 20.013 ; 20.013 ; Rise       ; clk             ;
;  ALUResult_out[30] ; clk        ; 19.703 ; 19.703 ; Rise       ; clk             ;
;  ALUResult_out[31] ; clk        ; 19.241 ; 19.241 ; Rise       ; clk             ;
; Instr_out[*]       ; clk        ; 11.248 ; 11.248 ; Rise       ; clk             ;
;  Instr_out[0]      ; clk        ; 11.248 ; 11.248 ; Rise       ; clk             ;
;  Instr_out[1]      ; clk        ; 11.218 ; 11.218 ; Rise       ; clk             ;
;  Instr_out[4]      ; clk        ; 11.218 ; 11.218 ; Rise       ; clk             ;
;  Instr_out[5]      ; clk        ; 10.210 ; 10.210 ; Rise       ; clk             ;
;  Instr_out[7]      ; clk        ; 10.898 ; 10.898 ; Rise       ; clk             ;
;  Instr_out[8]      ; clk        ; 10.765 ; 10.765 ; Rise       ; clk             ;
;  Instr_out[9]      ; clk        ; 10.328 ; 10.328 ; Rise       ; clk             ;
;  Instr_out[10]     ; clk        ; 10.379 ; 10.379 ; Rise       ; clk             ;
;  Instr_out[12]     ; clk        ; 9.856  ; 9.856  ; Rise       ; clk             ;
;  Instr_out[13]     ; clk        ; 10.670 ; 10.670 ; Rise       ; clk             ;
;  Instr_out[14]     ; clk        ; 9.738  ; 9.738  ; Rise       ; clk             ;
;  Instr_out[15]     ; clk        ; 10.230 ; 10.230 ; Rise       ; clk             ;
;  Instr_out[20]     ; clk        ; 9.377  ; 9.377  ; Rise       ; clk             ;
;  Instr_out[21]     ; clk        ; 9.279  ; 9.279  ; Rise       ; clk             ;
;  Instr_out[22]     ; clk        ; 9.861  ; 9.861  ; Rise       ; clk             ;
;  Instr_out[23]     ; clk        ; 9.302  ; 9.302  ; Rise       ; clk             ;
;  Instr_out[24]     ; clk        ; 9.861  ; 9.861  ; Rise       ; clk             ;
;  Instr_out[30]     ; clk        ; 10.569 ; 10.569 ; Rise       ; clk             ;
; PC_out[*]          ; clk        ; 8.874  ; 8.874  ; Rise       ; clk             ;
;  PC_out[2]         ; clk        ; 8.209  ; 8.209  ; Rise       ; clk             ;
;  PC_out[3]         ; clk        ; 7.567  ; 7.567  ; Rise       ; clk             ;
;  PC_out[4]         ; clk        ; 7.665  ; 7.665  ; Rise       ; clk             ;
;  PC_out[5]         ; clk        ; 8.227  ; 8.227  ; Rise       ; clk             ;
;  PC_out[6]         ; clk        ; 8.120  ; 8.120  ; Rise       ; clk             ;
;  PC_out[7]         ; clk        ; 8.225  ; 8.225  ; Rise       ; clk             ;
;  PC_out[8]         ; clk        ; 8.425  ; 8.425  ; Rise       ; clk             ;
;  PC_out[9]         ; clk        ; 8.002  ; 8.002  ; Rise       ; clk             ;
;  PC_out[10]        ; clk        ; 7.936  ; 7.936  ; Rise       ; clk             ;
;  PC_out[11]        ; clk        ; 8.072  ; 8.072  ; Rise       ; clk             ;
;  PC_out[12]        ; clk        ; 7.945  ; 7.945  ; Rise       ; clk             ;
;  PC_out[13]        ; clk        ; 8.106  ; 8.106  ; Rise       ; clk             ;
;  PC_out[14]        ; clk        ; 8.874  ; 8.874  ; Rise       ; clk             ;
;  PC_out[15]        ; clk        ; 8.379  ; 8.379  ; Rise       ; clk             ;
;  PC_out[16]        ; clk        ; 8.021  ; 8.021  ; Rise       ; clk             ;
;  PC_out[17]        ; clk        ; 8.029  ; 8.029  ; Rise       ; clk             ;
;  PC_out[18]        ; clk        ; 7.954  ; 7.954  ; Rise       ; clk             ;
;  PC_out[19]        ; clk        ; 8.049  ; 8.049  ; Rise       ; clk             ;
;  PC_out[20]        ; clk        ; 7.865  ; 7.865  ; Rise       ; clk             ;
;  PC_out[21]        ; clk        ; 8.067  ; 8.067  ; Rise       ; clk             ;
;  PC_out[22]        ; clk        ; 8.261  ; 8.261  ; Rise       ; clk             ;
;  PC_out[23]        ; clk        ; 8.392  ; 8.392  ; Rise       ; clk             ;
;  PC_out[24]        ; clk        ; 8.451  ; 8.451  ; Rise       ; clk             ;
;  PC_out[25]        ; clk        ; 8.063  ; 8.063  ; Rise       ; clk             ;
;  PC_out[26]        ; clk        ; 8.257  ; 8.257  ; Rise       ; clk             ;
;  PC_out[27]        ; clk        ; 8.554  ; 8.554  ; Rise       ; clk             ;
;  PC_out[28]        ; clk        ; 7.428  ; 7.428  ; Rise       ; clk             ;
;  PC_out[29]        ; clk        ; 7.745  ; 7.745  ; Rise       ; clk             ;
;  PC_out[30]        ; clk        ; 7.911  ; 7.911  ; Rise       ; clk             ;
;  PC_out[31]        ; clk        ; 8.167  ; 8.167  ; Rise       ; clk             ;
; RegWrite_out       ; clk        ; 11.248 ; 11.248 ; Rise       ; clk             ;
; WriteData_out[*]   ; clk        ; 16.519 ; 16.519 ; Rise       ; clk             ;
;  WriteData_out[0]  ; clk        ; 14.719 ; 14.719 ; Rise       ; clk             ;
;  WriteData_out[1]  ; clk        ; 14.171 ; 14.171 ; Rise       ; clk             ;
;  WriteData_out[2]  ; clk        ; 14.570 ; 14.570 ; Rise       ; clk             ;
;  WriteData_out[3]  ; clk        ; 13.914 ; 13.914 ; Rise       ; clk             ;
;  WriteData_out[4]  ; clk        ; 13.313 ; 13.313 ; Rise       ; clk             ;
;  WriteData_out[5]  ; clk        ; 13.493 ; 13.493 ; Rise       ; clk             ;
;  WriteData_out[6]  ; clk        ; 13.391 ; 13.391 ; Rise       ; clk             ;
;  WriteData_out[7]  ; clk        ; 13.280 ; 13.280 ; Rise       ; clk             ;
;  WriteData_out[8]  ; clk        ; 13.450 ; 13.450 ; Rise       ; clk             ;
;  WriteData_out[9]  ; clk        ; 16.519 ; 16.519 ; Rise       ; clk             ;
;  WriteData_out[10] ; clk        ; 13.273 ; 13.273 ; Rise       ; clk             ;
;  WriteData_out[11] ; clk        ; 13.170 ; 13.170 ; Rise       ; clk             ;
;  WriteData_out[12] ; clk        ; 13.234 ; 13.234 ; Rise       ; clk             ;
;  WriteData_out[13] ; clk        ; 13.307 ; 13.307 ; Rise       ; clk             ;
;  WriteData_out[14] ; clk        ; 13.955 ; 13.955 ; Rise       ; clk             ;
;  WriteData_out[15] ; clk        ; 13.641 ; 13.641 ; Rise       ; clk             ;
;  WriteData_out[16] ; clk        ; 14.191 ; 14.191 ; Rise       ; clk             ;
;  WriteData_out[17] ; clk        ; 14.344 ; 14.344 ; Rise       ; clk             ;
;  WriteData_out[18] ; clk        ; 14.024 ; 14.024 ; Rise       ; clk             ;
;  WriteData_out[19] ; clk        ; 13.956 ; 13.956 ; Rise       ; clk             ;
;  WriteData_out[20] ; clk        ; 13.535 ; 13.535 ; Rise       ; clk             ;
;  WriteData_out[21] ; clk        ; 13.221 ; 13.221 ; Rise       ; clk             ;
;  WriteData_out[22] ; clk        ; 13.269 ; 13.269 ; Rise       ; clk             ;
;  WriteData_out[23] ; clk        ; 13.903 ; 13.903 ; Rise       ; clk             ;
;  WriteData_out[24] ; clk        ; 13.330 ; 13.330 ; Rise       ; clk             ;
;  WriteData_out[25] ; clk        ; 13.139 ; 13.139 ; Rise       ; clk             ;
;  WriteData_out[26] ; clk        ; 14.313 ; 14.313 ; Rise       ; clk             ;
;  WriteData_out[27] ; clk        ; 13.951 ; 13.951 ; Rise       ; clk             ;
;  WriteData_out[28] ; clk        ; 12.761 ; 12.761 ; Rise       ; clk             ;
;  WriteData_out[29] ; clk        ; 13.986 ; 13.986 ; Rise       ; clk             ;
;  WriteData_out[30] ; clk        ; 12.874 ; 12.874 ; Rise       ; clk             ;
;  WriteData_out[31] ; clk        ; 14.087 ; 14.087 ; Rise       ; clk             ;
; rd_out[*]          ; clk        ; 10.898 ; 10.898 ; Rise       ; clk             ;
;  rd_out[0]         ; clk        ; 10.898 ; 10.898 ; Rise       ; clk             ;
;  rd_out[1]         ; clk        ; 10.765 ; 10.765 ; Rise       ; clk             ;
;  rd_out[2]         ; clk        ; 10.328 ; 10.328 ; Rise       ; clk             ;
;  rd_out[3]         ; clk        ; 10.379 ; 10.379 ; Rise       ; clk             ;
+--------------------+------------+--------+--------+------------+-----------------+


+----------------------------------------------------------------------------------+
; Minimum Clock to Output Times                                                    ;
+--------------------+------------+--------+--------+------------+-----------------+
; Data Port          ; Clock Port ; Rise   ; Fall   ; Clock Edge ; Clock Reference ;
+--------------------+------------+--------+--------+------------+-----------------+
; ALUResult_out[*]   ; clk        ; 9.625  ; 9.625  ; Rise       ; clk             ;
;  ALUResult_out[0]  ; clk        ; 10.004 ; 10.004 ; Rise       ; clk             ;
;  ALUResult_out[1]  ; clk        ; 10.250 ; 10.250 ; Rise       ; clk             ;
;  ALUResult_out[2]  ; clk        ; 10.597 ; 10.597 ; Rise       ; clk             ;
;  ALUResult_out[3]  ; clk        ; 11.234 ; 11.234 ; Rise       ; clk             ;
;  ALUResult_out[4]  ; clk        ; 10.697 ; 10.697 ; Rise       ; clk             ;
;  ALUResult_out[5]  ; clk        ; 10.675 ; 10.675 ; Rise       ; clk             ;
;  ALUResult_out[6]  ; clk        ; 9.844  ; 9.844  ; Rise       ; clk             ;
;  ALUResult_out[7]  ; clk        ; 11.088 ; 11.088 ; Rise       ; clk             ;
;  ALUResult_out[8]  ; clk        ; 11.189 ; 11.189 ; Rise       ; clk             ;
;  ALUResult_out[9]  ; clk        ; 11.265 ; 11.265 ; Rise       ; clk             ;
;  ALUResult_out[10] ; clk        ; 10.998 ; 10.998 ; Rise       ; clk             ;
;  ALUResult_out[11] ; clk        ; 9.625  ; 9.625  ; Rise       ; clk             ;
;  ALUResult_out[12] ; clk        ; 10.190 ; 10.190 ; Rise       ; clk             ;
;  ALUResult_out[13] ; clk        ; 10.481 ; 10.481 ; Rise       ; clk             ;
;  ALUResult_out[14] ; clk        ; 10.878 ; 10.878 ; Rise       ; clk             ;
;  ALUResult_out[15] ; clk        ; 10.627 ; 10.627 ; Rise       ; clk             ;
;  ALUResult_out[16] ; clk        ; 9.663  ; 9.663  ; Rise       ; clk             ;
;  ALUResult_out[17] ; clk        ; 10.801 ; 10.801 ; Rise       ; clk             ;
;  ALUResult_out[18] ; clk        ; 10.480 ; 10.480 ; Rise       ; clk             ;
;  ALUResult_out[19] ; clk        ; 11.155 ; 11.155 ; Rise       ; clk             ;
;  ALUResult_out[20] ; clk        ; 10.321 ; 10.321 ; Rise       ; clk             ;
;  ALUResult_out[21] ; clk        ; 9.796  ; 9.796  ; Rise       ; clk             ;
;  ALUResult_out[22] ; clk        ; 11.276 ; 11.276 ; Rise       ; clk             ;
;  ALUResult_out[23] ; clk        ; 10.656 ; 10.656 ; Rise       ; clk             ;
;  ALUResult_out[24] ; clk        ; 10.241 ; 10.241 ; Rise       ; clk             ;
;  ALUResult_out[25] ; clk        ; 10.186 ; 10.186 ; Rise       ; clk             ;
;  ALUResult_out[26] ; clk        ; 10.422 ; 10.422 ; Rise       ; clk             ;
;  ALUResult_out[27] ; clk        ; 10.302 ; 10.302 ; Rise       ; clk             ;
;  ALUResult_out[28] ; clk        ; 10.211 ; 10.211 ; Rise       ; clk             ;
;  ALUResult_out[29] ; clk        ; 9.730  ; 9.730  ; Rise       ; clk             ;
;  ALUResult_out[30] ; clk        ; 10.746 ; 10.746 ; Rise       ; clk             ;
;  ALUResult_out[31] ; clk        ; 9.923  ; 9.923  ; Rise       ; clk             ;
; Instr_out[*]       ; clk        ; 8.622  ; 8.622  ; Rise       ; clk             ;
;  Instr_out[0]      ; clk        ; 9.778  ; 9.778  ; Rise       ; clk             ;
;  Instr_out[1]      ; clk        ; 9.748  ; 9.748  ; Rise       ; clk             ;
;  Instr_out[4]      ; clk        ; 9.748  ; 9.748  ; Rise       ; clk             ;
;  Instr_out[5]      ; clk        ; 9.138  ; 9.138  ; Rise       ; clk             ;
;  Instr_out[7]      ; clk        ; 9.148  ; 9.148  ; Rise       ; clk             ;
;  Instr_out[8]      ; clk        ; 9.479  ; 9.479  ; Rise       ; clk             ;
;  Instr_out[9]      ; clk        ; 8.622  ; 8.622  ; Rise       ; clk             ;
;  Instr_out[10]     ; clk        ; 9.067  ; 9.067  ; Rise       ; clk             ;
;  Instr_out[12]     ; clk        ; 8.711  ; 8.711  ; Rise       ; clk             ;
;  Instr_out[13]     ; clk        ; 9.121  ; 9.121  ; Rise       ; clk             ;
;  Instr_out[14]     ; clk        ; 8.986  ; 8.986  ; Rise       ; clk             ;
;  Instr_out[15]     ; clk        ; 9.158  ; 9.158  ; Rise       ; clk             ;
;  Instr_out[20]     ; clk        ; 8.818  ; 8.818  ; Rise       ; clk             ;
;  Instr_out[21]     ; clk        ; 8.963  ; 8.963  ; Rise       ; clk             ;
;  Instr_out[22]     ; clk        ; 8.641  ; 8.641  ; Rise       ; clk             ;
;  Instr_out[23]     ; clk        ; 8.683  ; 8.683  ; Rise       ; clk             ;
;  Instr_out[24]     ; clk        ; 8.641  ; 8.641  ; Rise       ; clk             ;
;  Instr_out[30]     ; clk        ; 9.529  ; 9.529  ; Rise       ; clk             ;
; PC_out[*]          ; clk        ; 7.428  ; 7.428  ; Rise       ; clk             ;
;  PC_out[2]         ; clk        ; 8.209  ; 8.209  ; Rise       ; clk             ;
;  PC_out[3]         ; clk        ; 7.567  ; 7.567  ; Rise       ; clk             ;
;  PC_out[4]         ; clk        ; 7.665  ; 7.665  ; Rise       ; clk             ;
;  PC_out[5]         ; clk        ; 8.227  ; 8.227  ; Rise       ; clk             ;
;  PC_out[6]         ; clk        ; 8.120  ; 8.120  ; Rise       ; clk             ;
;  PC_out[7]         ; clk        ; 8.225  ; 8.225  ; Rise       ; clk             ;
;  PC_out[8]         ; clk        ; 8.425  ; 8.425  ; Rise       ; clk             ;
;  PC_out[9]         ; clk        ; 8.002  ; 8.002  ; Rise       ; clk             ;
;  PC_out[10]        ; clk        ; 7.936  ; 7.936  ; Rise       ; clk             ;
;  PC_out[11]        ; clk        ; 8.072  ; 8.072  ; Rise       ; clk             ;
;  PC_out[12]        ; clk        ; 7.945  ; 7.945  ; Rise       ; clk             ;
;  PC_out[13]        ; clk        ; 8.106  ; 8.106  ; Rise       ; clk             ;
;  PC_out[14]        ; clk        ; 8.874  ; 8.874  ; Rise       ; clk             ;
;  PC_out[15]        ; clk        ; 8.379  ; 8.379  ; Rise       ; clk             ;
;  PC_out[16]        ; clk        ; 8.021  ; 8.021  ; Rise       ; clk             ;
;  PC_out[17]        ; clk        ; 8.029  ; 8.029  ; Rise       ; clk             ;
;  PC_out[18]        ; clk        ; 7.954  ; 7.954  ; Rise       ; clk             ;
;  PC_out[19]        ; clk        ; 8.049  ; 8.049  ; Rise       ; clk             ;
;  PC_out[20]        ; clk        ; 7.865  ; 7.865  ; Rise       ; clk             ;
;  PC_out[21]        ; clk        ; 8.067  ; 8.067  ; Rise       ; clk             ;
;  PC_out[22]        ; clk        ; 8.261  ; 8.261  ; Rise       ; clk             ;
;  PC_out[23]        ; clk        ; 8.392  ; 8.392  ; Rise       ; clk             ;
;  PC_out[24]        ; clk        ; 8.451  ; 8.451  ; Rise       ; clk             ;
;  PC_out[25]        ; clk        ; 8.063  ; 8.063  ; Rise       ; clk             ;
;  PC_out[26]        ; clk        ; 8.257  ; 8.257  ; Rise       ; clk             ;
;  PC_out[27]        ; clk        ; 8.554  ; 8.554  ; Rise       ; clk             ;
;  PC_out[28]        ; clk        ; 7.428  ; 7.428  ; Rise       ; clk             ;
;  PC_out[29]        ; clk        ; 7.745  ; 7.745  ; Rise       ; clk             ;
;  PC_out[30]        ; clk        ; 7.911  ; 7.911  ; Rise       ; clk             ;
;  PC_out[31]        ; clk        ; 8.167  ; 8.167  ; Rise       ; clk             ;
; RegWrite_out       ; clk        ; 9.778  ; 9.778  ; Rise       ; clk             ;
; WriteData_out[*]   ; clk        ; 8.617  ; 8.617  ; Rise       ; clk             ;
;  WriteData_out[0]  ; clk        ; 10.485 ; 10.485 ; Rise       ; clk             ;
;  WriteData_out[1]  ; clk        ; 10.449 ; 10.449 ; Rise       ; clk             ;
;  WriteData_out[2]  ; clk        ; 10.427 ; 10.427 ; Rise       ; clk             ;
;  WriteData_out[3]  ; clk        ; 10.266 ; 10.266 ; Rise       ; clk             ;
;  WriteData_out[4]  ; clk        ; 9.239  ; 9.239  ; Rise       ; clk             ;
;  WriteData_out[5]  ; clk        ; 9.731  ; 9.731  ; Rise       ; clk             ;
;  WriteData_out[6]  ; clk        ; 9.444  ; 9.444  ; Rise       ; clk             ;
;  WriteData_out[7]  ; clk        ; 9.649  ; 9.649  ; Rise       ; clk             ;
;  WriteData_out[8]  ; clk        ; 9.477  ; 9.477  ; Rise       ; clk             ;
;  WriteData_out[9]  ; clk        ; 11.011 ; 11.011 ; Rise       ; clk             ;
;  WriteData_out[10] ; clk        ; 9.718  ; 9.718  ; Rise       ; clk             ;
;  WriteData_out[11] ; clk        ; 9.631  ; 9.631  ; Rise       ; clk             ;
;  WriteData_out[12] ; clk        ; 9.572  ; 9.572  ; Rise       ; clk             ;
;  WriteData_out[13] ; clk        ; 9.942  ; 9.942  ; Rise       ; clk             ;
;  WriteData_out[14] ; clk        ; 9.731  ; 9.731  ; Rise       ; clk             ;
;  WriteData_out[15] ; clk        ; 9.468  ; 9.468  ; Rise       ; clk             ;
;  WriteData_out[16] ; clk        ; 9.946  ; 9.946  ; Rise       ; clk             ;
;  WriteData_out[17] ; clk        ; 9.600  ; 9.600  ; Rise       ; clk             ;
;  WriteData_out[18] ; clk        ; 9.825  ; 9.825  ; Rise       ; clk             ;
;  WriteData_out[19] ; clk        ; 9.314  ; 9.314  ; Rise       ; clk             ;
;  WriteData_out[20] ; clk        ; 9.124  ; 9.124  ; Rise       ; clk             ;
;  WriteData_out[21] ; clk        ; 8.797  ; 8.797  ; Rise       ; clk             ;
;  WriteData_out[22] ; clk        ; 9.947  ; 9.947  ; Rise       ; clk             ;
;  WriteData_out[23] ; clk        ; 9.091  ; 9.091  ; Rise       ; clk             ;
;  WriteData_out[24] ; clk        ; 8.819  ; 8.819  ; Rise       ; clk             ;
;  WriteData_out[25] ; clk        ; 8.817  ; 8.817  ; Rise       ; clk             ;
;  WriteData_out[26] ; clk        ; 9.843  ; 9.843  ; Rise       ; clk             ;
;  WriteData_out[27] ; clk        ; 9.728  ; 9.728  ; Rise       ; clk             ;
;  WriteData_out[28] ; clk        ; 8.965  ; 8.965  ; Rise       ; clk             ;
;  WriteData_out[29] ; clk        ; 9.552  ; 9.552  ; Rise       ; clk             ;
;  WriteData_out[30] ; clk        ; 8.617  ; 8.617  ; Rise       ; clk             ;
;  WriteData_out[31] ; clk        ; 9.635  ; 9.635  ; Rise       ; clk             ;
; rd_out[*]          ; clk        ; 8.622  ; 8.622  ; Rise       ; clk             ;
;  rd_out[0]         ; clk        ; 9.148  ; 9.148  ; Rise       ; clk             ;
;  rd_out[1]         ; clk        ; 9.479  ; 9.479  ; Rise       ; clk             ;
;  rd_out[2]         ; clk        ; 8.622  ; 8.622  ; Rise       ; clk             ;
;  rd_out[3]         ; clk        ; 9.067  ; 9.067  ; Rise       ; clk             ;
+--------------------+------------+--------+--------+------------+-----------------+


+--------------------------------+
; Fast Model Setup Summary       ;
+-------+--------+---------------+
; Clock ; Slack  ; End Point TNS ;
+-------+--------+---------------+
; clk   ; -5.419 ; -2322.539     ;
+-------+--------+---------------+


+-------------------------------+
; Fast Model Hold Summary       ;
+-------+-------+---------------+
; Clock ; Slack ; End Point TNS ;
+-------+-------+---------------+
; clk   ; 0.241 ; 0.000         ;
+-------+-------+---------------+


-------------------------------
; Fast Model Recovery Summary ;
-------------------------------
No paths to report.


------------------------------
; Fast Model Removal Summary ;
------------------------------
No paths to report.


+----------------------------------------+
; Fast Model Minimum Pulse Width Summary ;
+-------+--------+-----------------------+
; Clock ; Slack  ; End Point TNS         ;
+-------+--------+-----------------------+
; clk   ; -1.380 ; -511.380              ;
+-------+--------+-----------------------+


+--------------------------------------------------------------------------------------------------------------------------------------------+
; Fast Model Setup: 'clk'                                                                                                                    ;
+--------+-----------------------------+-------------------------------+--------------+-------------+--------------+------------+------------+
; Slack  ; From Node                   ; To Node                       ; Launch Clock ; Latch Clock ; Relationship ; Clock Skew ; Data Delay ;
+--------+-----------------------------+-------------------------------+--------------+-------------+--------------+------------+------------+
; -5.419 ; datapath:dp|pc:pc_reg|PC[5] ; datapath:dp|regfile:rf|rf~61  ; clk          ; clk         ; 1.000        ; -0.021     ; 6.430      ;
; -5.383 ; datapath:dp|pc:pc_reg|PC[5] ; datapath:dp|regfile:rf|rf~349 ; clk          ; clk         ; 1.000        ; 0.004      ; 6.419      ;
; -5.381 ; datapath:dp|pc:pc_reg|PC[5] ; datapath:dp|regfile:rf|rf~381 ; clk          ; clk         ; 1.000        ; 0.004      ; 6.417      ;
; -5.373 ; datapath:dp|pc:pc_reg|PC[5] ; datapath:dp|regfile:rf|rf~413 ; clk          ; clk         ; 1.000        ; -0.016     ; 6.389      ;
; -5.363 ; datapath:dp|pc:pc_reg|PC[5] ; datapath:dp|regfile:rf|rf~253 ; clk          ; clk         ; 1.000        ; 0.004      ; 6.399      ;
; -5.356 ; datapath:dp|pc:pc_reg|PC[5] ; datapath:dp|regfile:rf|rf~93  ; clk          ; clk         ; 1.000        ; 0.000      ; 6.388      ;
; -5.334 ; datapath:dp|pc:pc_reg|PC[5] ; datapath:dp|regfile:rf|rf~317 ; clk          ; clk         ; 1.000        ; -0.024     ; 6.342      ;
; -5.327 ; datapath:dp|pc:pc_reg|PC[2] ; datapath:dp|regfile:rf|rf~61  ; clk          ; clk         ; 1.000        ; -0.021     ; 6.338      ;
; -5.300 ; datapath:dp|pc:pc_reg|PC[7] ; datapath:dp|regfile:rf|rf~61  ; clk          ; clk         ; 1.000        ; -0.021     ; 6.311      ;
; -5.291 ; datapath:dp|pc:pc_reg|PC[2] ; datapath:dp|regfile:rf|rf~349 ; clk          ; clk         ; 1.000        ; 0.004      ; 6.327      ;
; -5.289 ; datapath:dp|pc:pc_reg|PC[2] ; datapath:dp|regfile:rf|rf~381 ; clk          ; clk         ; 1.000        ; 0.004      ; 6.325      ;
; -5.281 ; datapath:dp|pc:pc_reg|PC[2] ; datapath:dp|regfile:rf|rf~413 ; clk          ; clk         ; 1.000        ; -0.016     ; 6.297      ;
; -5.278 ; datapath:dp|pc:pc_reg|PC[5] ; datapath:dp|regfile:rf|rf~445 ; clk          ; clk         ; 1.000        ; -0.020     ; 6.290      ;
; -5.277 ; datapath:dp|pc:pc_reg|PC[5] ; datapath:dp|regfile:rf|rf~509 ; clk          ; clk         ; 1.000        ; -0.020     ; 6.289      ;
; -5.271 ; datapath:dp|pc:pc_reg|PC[2] ; datapath:dp|regfile:rf|rf~253 ; clk          ; clk         ; 1.000        ; 0.004      ; 6.307      ;
; -5.266 ; datapath:dp|pc:pc_reg|PC[5] ; datapath:dp|regfile:rf|rf~157 ; clk          ; clk         ; 1.000        ; -0.016     ; 6.282      ;
; -5.264 ; datapath:dp|pc:pc_reg|PC[5] ; datapath:dp|regfile:rf|rf~507 ; clk          ; clk         ; 1.000        ; -0.039     ; 6.257      ;
; -5.264 ; datapath:dp|pc:pc_reg|PC[7] ; datapath:dp|regfile:rf|rf~349 ; clk          ; clk         ; 1.000        ; 0.004      ; 6.300      ;
; -5.264 ; datapath:dp|pc:pc_reg|PC[2] ; datapath:dp|regfile:rf|rf~93  ; clk          ; clk         ; 1.000        ; 0.000      ; 6.296      ;
; -5.262 ; datapath:dp|pc:pc_reg|PC[7] ; datapath:dp|regfile:rf|rf~381 ; clk          ; clk         ; 1.000        ; 0.004      ; 6.298      ;
; -5.259 ; datapath:dp|pc:pc_reg|PC[4] ; datapath:dp|regfile:rf|rf~61  ; clk          ; clk         ; 1.000        ; -0.021     ; 6.270      ;
; -5.254 ; datapath:dp|pc:pc_reg|PC[7] ; datapath:dp|regfile:rf|rf~413 ; clk          ; clk         ; 1.000        ; -0.016     ; 6.270      ;
; -5.250 ; datapath:dp|pc:pc_reg|PC[3] ; datapath:dp|regfile:rf|rf~61  ; clk          ; clk         ; 1.000        ; -0.021     ; 6.261      ;
; -5.247 ; datapath:dp|pc:pc_reg|PC[5] ; datapath:dp|regfile:rf|rf~479 ; clk          ; clk         ; 1.000        ; 0.001      ; 6.280      ;
; -5.247 ; datapath:dp|pc:pc_reg|PC[5] ; datapath:dp|regfile:rf|rf~415 ; clk          ; clk         ; 1.000        ; 0.001      ; 6.280      ;
; -5.245 ; datapath:dp|pc:pc_reg|PC[5] ; datapath:dp|regfile:rf|rf~125 ; clk          ; clk         ; 1.000        ; -0.006     ; 6.271      ;
; -5.244 ; datapath:dp|pc:pc_reg|PC[7] ; datapath:dp|regfile:rf|rf~253 ; clk          ; clk         ; 1.000        ; 0.004      ; 6.280      ;
; -5.243 ; datapath:dp|pc:pc_reg|PC[6] ; datapath:dp|regfile:rf|rf~61  ; clk          ; clk         ; 1.000        ; -0.021     ; 6.254      ;
; -5.242 ; datapath:dp|pc:pc_reg|PC[5] ; datapath:dp|regfile:rf|rf~351 ; clk          ; clk         ; 1.000        ; -0.022     ; 6.252      ;
; -5.242 ; datapath:dp|pc:pc_reg|PC[2] ; datapath:dp|regfile:rf|rf~317 ; clk          ; clk         ; 1.000        ; -0.024     ; 6.250      ;
; -5.237 ; datapath:dp|pc:pc_reg|PC[7] ; datapath:dp|regfile:rf|rf~93  ; clk          ; clk         ; 1.000        ; 0.000      ; 6.269      ;
; -5.228 ; datapath:dp|pc:pc_reg|PC[5] ; datapath:dp|regfile:rf|rf~285 ; clk          ; clk         ; 1.000        ; -0.030     ; 6.230      ;
; -5.227 ; datapath:dp|pc:pc_reg|PC[5] ; datapath:dp|regfile:rf|rf~477 ; clk          ; clk         ; 1.000        ; -0.006     ; 6.253      ;
; -5.227 ; datapath:dp|pc:pc_reg|PC[5] ; datapath:dp|regfile:rf|rf~221 ; clk          ; clk         ; 1.000        ; -0.006     ; 6.253      ;
; -5.223 ; datapath:dp|pc:pc_reg|PC[4] ; datapath:dp|regfile:rf|rf~349 ; clk          ; clk         ; 1.000        ; 0.004      ; 6.259      ;
; -5.221 ; datapath:dp|pc:pc_reg|PC[4] ; datapath:dp|regfile:rf|rf~381 ; clk          ; clk         ; 1.000        ; 0.004      ; 6.257      ;
; -5.215 ; datapath:dp|pc:pc_reg|PC[7] ; datapath:dp|regfile:rf|rf~317 ; clk          ; clk         ; 1.000        ; -0.024     ; 6.223      ;
; -5.214 ; datapath:dp|pc:pc_reg|PC[3] ; datapath:dp|regfile:rf|rf~349 ; clk          ; clk         ; 1.000        ; 0.004      ; 6.250      ;
; -5.213 ; datapath:dp|pc:pc_reg|PC[4] ; datapath:dp|regfile:rf|rf~413 ; clk          ; clk         ; 1.000        ; -0.016     ; 6.229      ;
; -5.212 ; datapath:dp|pc:pc_reg|PC[3] ; datapath:dp|regfile:rf|rf~381 ; clk          ; clk         ; 1.000        ; 0.004      ; 6.248      ;
; -5.207 ; datapath:dp|pc:pc_reg|PC[6] ; datapath:dp|regfile:rf|rf~349 ; clk          ; clk         ; 1.000        ; 0.004      ; 6.243      ;
; -5.205 ; datapath:dp|pc:pc_reg|PC[5] ; datapath:dp|regfile:rf|rf~278 ; clk          ; clk         ; 1.000        ; -0.020     ; 6.217      ;
; -5.205 ; datapath:dp|pc:pc_reg|PC[6] ; datapath:dp|regfile:rf|rf~381 ; clk          ; clk         ; 1.000        ; 0.004      ; 6.241      ;
; -5.204 ; datapath:dp|pc:pc_reg|PC[3] ; datapath:dp|regfile:rf|rf~413 ; clk          ; clk         ; 1.000        ; -0.016     ; 6.220      ;
; -5.203 ; datapath:dp|pc:pc_reg|PC[4] ; datapath:dp|regfile:rf|rf~253 ; clk          ; clk         ; 1.000        ; 0.004      ; 6.239      ;
; -5.197 ; datapath:dp|pc:pc_reg|PC[5] ; datapath:dp|regfile:rf|rf~287 ; clk          ; clk         ; 1.000        ; -0.026     ; 6.203      ;
; -5.197 ; datapath:dp|pc:pc_reg|PC[6] ; datapath:dp|regfile:rf|rf~413 ; clk          ; clk         ; 1.000        ; -0.016     ; 6.213      ;
; -5.196 ; datapath:dp|pc:pc_reg|PC[4] ; datapath:dp|regfile:rf|rf~93  ; clk          ; clk         ; 1.000        ; 0.000      ; 6.228      ;
; -5.194 ; datapath:dp|pc:pc_reg|PC[3] ; datapath:dp|regfile:rf|rf~253 ; clk          ; clk         ; 1.000        ; 0.004      ; 6.230      ;
; -5.187 ; datapath:dp|pc:pc_reg|PC[6] ; datapath:dp|regfile:rf|rf~253 ; clk          ; clk         ; 1.000        ; 0.004      ; 6.223      ;
; -5.187 ; datapath:dp|pc:pc_reg|PC[3] ; datapath:dp|regfile:rf|rf~93  ; clk          ; clk         ; 1.000        ; 0.000      ; 6.219      ;
; -5.186 ; datapath:dp|pc:pc_reg|PC[2] ; datapath:dp|regfile:rf|rf~445 ; clk          ; clk         ; 1.000        ; -0.020     ; 6.198      ;
; -5.185 ; datapath:dp|pc:pc_reg|PC[2] ; datapath:dp|regfile:rf|rf~509 ; clk          ; clk         ; 1.000        ; -0.020     ; 6.197      ;
; -5.181 ; datapath:dp|pc:pc_reg|PC[5] ; datapath:dp|regfile:rf|rf~475 ; clk          ; clk         ; 1.000        ; -0.017     ; 6.196      ;
; -5.180 ; datapath:dp|pc:pc_reg|PC[5] ; datapath:dp|regfile:rf|rf~155 ; clk          ; clk         ; 1.000        ; -0.017     ; 6.195      ;
; -5.180 ; datapath:dp|pc:pc_reg|PC[6] ; datapath:dp|regfile:rf|rf~93  ; clk          ; clk         ; 1.000        ; 0.000      ; 6.212      ;
; -5.177 ; datapath:dp|pc:pc_reg|PC[5] ; datapath:dp|regfile:rf|rf~86  ; clk          ; clk         ; 1.000        ; -0.017     ; 6.192      ;
; -5.174 ; datapath:dp|pc:pc_reg|PC[5] ; datapath:dp|regfile:rf|rf~128 ; clk          ; clk         ; 1.000        ; -0.016     ; 6.190      ;
; -5.174 ; datapath:dp|pc:pc_reg|PC[2] ; datapath:dp|regfile:rf|rf~157 ; clk          ; clk         ; 1.000        ; -0.016     ; 6.190      ;
; -5.174 ; datapath:dp|pc:pc_reg|PC[4] ; datapath:dp|regfile:rf|rf~317 ; clk          ; clk         ; 1.000        ; -0.024     ; 6.182      ;
; -5.172 ; datapath:dp|pc:pc_reg|PC[2] ; datapath:dp|regfile:rf|rf~507 ; clk          ; clk         ; 1.000        ; -0.039     ; 6.165      ;
; -5.165 ; datapath:dp|pc:pc_reg|PC[3] ; datapath:dp|regfile:rf|rf~317 ; clk          ; clk         ; 1.000        ; -0.024     ; 6.173      ;
; -5.163 ; datapath:dp|pc:pc_reg|PC[5] ; datapath:dp|regfile:rf|rf~160 ; clk          ; clk         ; 1.000        ; -0.010     ; 6.185      ;
; -5.159 ; datapath:dp|pc:pc_reg|PC[7] ; datapath:dp|regfile:rf|rf~445 ; clk          ; clk         ; 1.000        ; -0.020     ; 6.171      ;
; -5.158 ; datapath:dp|pc:pc_reg|PC[6] ; datapath:dp|regfile:rf|rf~317 ; clk          ; clk         ; 1.000        ; -0.024     ; 6.166      ;
; -5.158 ; datapath:dp|pc:pc_reg|PC[7] ; datapath:dp|regfile:rf|rf~509 ; clk          ; clk         ; 1.000        ; -0.020     ; 6.170      ;
; -5.157 ; datapath:dp|pc:pc_reg|PC[5] ; datapath:dp|regfile:rf|rf~379 ; clk          ; clk         ; 1.000        ; -0.011     ; 6.178      ;
; -5.155 ; datapath:dp|pc:pc_reg|PC[5] ; datapath:dp|regfile:rf|rf~63  ; clk          ; clk         ; 1.000        ; -0.030     ; 6.157      ;
; -5.155 ; datapath:dp|pc:pc_reg|PC[2] ; datapath:dp|regfile:rf|rf~479 ; clk          ; clk         ; 1.000        ; 0.001      ; 6.188      ;
; -5.155 ; datapath:dp|pc:pc_reg|PC[2] ; datapath:dp|regfile:rf|rf~415 ; clk          ; clk         ; 1.000        ; 0.001      ; 6.188      ;
; -5.153 ; datapath:dp|pc:pc_reg|PC[2] ; datapath:dp|regfile:rf|rf~125 ; clk          ; clk         ; 1.000        ; -0.006     ; 6.179      ;
; -5.151 ; datapath:dp|pc:pc_reg|PC[5] ; datapath:dp|regfile:rf|rf~279 ; clk          ; clk         ; 1.000        ; -0.030     ; 6.153      ;
; -5.150 ; datapath:dp|pc:pc_reg|PC[2] ; datapath:dp|regfile:rf|rf~351 ; clk          ; clk         ; 1.000        ; -0.022     ; 6.160      ;
; -5.149 ; datapath:dp|pc:pc_reg|PC[4] ; datapath:dp|regfile:rf|rf~507 ; clk          ; clk         ; 1.000        ; -0.039     ; 6.142      ;
; -5.147 ; datapath:dp|pc:pc_reg|PC[5] ; datapath:dp|regfile:rf|rf~187 ; clk          ; clk         ; 1.000        ; -0.027     ; 6.152      ;
; -5.147 ; datapath:dp|pc:pc_reg|PC[7] ; datapath:dp|regfile:rf|rf~157 ; clk          ; clk         ; 1.000        ; -0.016     ; 6.163      ;
; -5.145 ; datapath:dp|pc:pc_reg|PC[7] ; datapath:dp|regfile:rf|rf~336 ; clk          ; clk         ; 1.000        ; 0.001      ; 6.178      ;
; -5.145 ; datapath:dp|pc:pc_reg|PC[7] ; datapath:dp|regfile:rf|rf~507 ; clk          ; clk         ; 1.000        ; -0.039     ; 6.138      ;
; -5.140 ; datapath:dp|pc:pc_reg|PC[3] ; datapath:dp|regfile:rf|rf~507 ; clk          ; clk         ; 1.000        ; -0.039     ; 6.133      ;
; -5.139 ; datapath:dp|pc:pc_reg|PC[5] ; datapath:dp|regfile:rf|rf~443 ; clk          ; clk         ; 1.000        ; -0.041     ; 6.130      ;
; -5.136 ; datapath:dp|pc:pc_reg|PC[2] ; datapath:dp|regfile:rf|rf~285 ; clk          ; clk         ; 1.000        ; -0.030     ; 6.138      ;
; -5.135 ; datapath:dp|pc:pc_reg|PC[5] ; datapath:dp|regfile:rf|rf~347 ; clk          ; clk         ; 1.000        ; -0.022     ; 6.145      ;
; -5.135 ; datapath:dp|pc:pc_reg|PC[5] ; datapath:dp|regfile:rf|rf~283 ; clk          ; clk         ; 1.000        ; -0.022     ; 6.145      ;
; -5.135 ; datapath:dp|pc:pc_reg|PC[7] ; datapath:dp|regfile:rf|rf~48  ; clk          ; clk         ; 1.000        ; 0.003      ; 6.170      ;
; -5.135 ; datapath:dp|pc:pc_reg|PC[2] ; datapath:dp|regfile:rf|rf~477 ; clk          ; clk         ; 1.000        ; -0.006     ; 6.161      ;
; -5.135 ; datapath:dp|pc:pc_reg|PC[2] ; datapath:dp|regfile:rf|rf~221 ; clk          ; clk         ; 1.000        ; -0.006     ; 6.161      ;
; -5.133 ; datapath:dp|pc:pc_reg|PC[7] ; datapath:dp|regfile:rf|rf~80  ; clk          ; clk         ; 1.000        ; 0.003      ; 6.168      ;
; -5.132 ; datapath:dp|pc:pc_reg|PC[4] ; datapath:dp|regfile:rf|rf~479 ; clk          ; clk         ; 1.000        ; 0.001      ; 6.165      ;
; -5.132 ; datapath:dp|pc:pc_reg|PC[4] ; datapath:dp|regfile:rf|rf~415 ; clk          ; clk         ; 1.000        ; 0.001      ; 6.165      ;
; -5.129 ; datapath:dp|pc:pc_reg|PC[5] ; datapath:dp|regfile:rf|rf~352 ; clk          ; clk         ; 1.000        ; -0.002     ; 6.159      ;
; -5.129 ; datapath:dp|pc:pc_reg|PC[5] ; datapath:dp|regfile:rf|rf~32  ; clk          ; clk         ; 1.000        ; -0.002     ; 6.159      ;
; -5.128 ; datapath:dp|pc:pc_reg|PC[5] ; datapath:dp|regfile:rf|rf~288 ; clk          ; clk         ; 1.000        ; -0.002     ; 6.158      ;
; -5.128 ; datapath:dp|pc:pc_reg|PC[7] ; datapath:dp|regfile:rf|rf~479 ; clk          ; clk         ; 1.000        ; 0.001      ; 6.161      ;
; -5.128 ; datapath:dp|pc:pc_reg|PC[7] ; datapath:dp|regfile:rf|rf~415 ; clk          ; clk         ; 1.000        ; 0.001      ; 6.161      ;
; -5.127 ; datapath:dp|pc:pc_reg|PC[5] ; datapath:dp|regfile:rf|rf~247 ; clk          ; clk         ; 1.000        ; -0.048     ; 6.111      ;
; -5.127 ; datapath:dp|pc:pc_reg|PC[4] ; datapath:dp|regfile:rf|rf~351 ; clk          ; clk         ; 1.000        ; -0.022     ; 6.137      ;
; -5.126 ; datapath:dp|pc:pc_reg|PC[5] ; datapath:dp|regfile:rf|rf~124 ; clk          ; clk         ; 1.000        ; -0.033     ; 6.125      ;
; -5.126 ; datapath:dp|pc:pc_reg|PC[7] ; datapath:dp|regfile:rf|rf~125 ; clk          ; clk         ; 1.000        ; -0.006     ; 6.152      ;
; -5.125 ; datapath:dp|pc:pc_reg|PC[5] ; datapath:dp|regfile:rf|rf~350 ; clk          ; clk         ; 1.000        ; -0.036     ; 6.121      ;
; -5.124 ; datapath:dp|pc:pc_reg|PC[5] ; datapath:dp|regfile:rf|rf~411 ; clk          ; clk         ; 1.000        ; -0.016     ; 6.140      ;
+--------+-----------------------------+-------------------------------+--------------+-------------+--------------+------------+------------+


+-------------------------------------------------------------------------------------------------------------------------------------------+
; Fast Model Hold: 'clk'                                                                                                                    ;
+-------+------------------------------+------------------------------+--------------+-------------+--------------+------------+------------+
; Slack ; From Node                    ; To Node                      ; Launch Clock ; Latch Clock ; Relationship ; Clock Skew ; Data Delay ;
+-------+------------------------------+------------------------------+--------------+-------------+--------------+------------+------------+
; 0.241 ; datapath:dp|pc:pc_reg|PC[31] ; datapath:dp|pc:pc_reg|PC[31] ; clk          ; clk         ; 0.000        ; 0.000      ; 0.393      ;
; 0.355 ; datapath:dp|pc:pc_reg|PC[17] ; datapath:dp|pc:pc_reg|PC[17] ; clk          ; clk         ; 0.000        ; 0.000      ; 0.507      ;
; 0.358 ; datapath:dp|pc:pc_reg|PC[10] ; datapath:dp|pc:pc_reg|PC[10] ; clk          ; clk         ; 0.000        ; 0.000      ; 0.510      ;
; 0.358 ; datapath:dp|pc:pc_reg|PC[12] ; datapath:dp|pc:pc_reg|PC[12] ; clk          ; clk         ; 0.000        ; 0.000      ; 0.510      ;
; 0.358 ; datapath:dp|pc:pc_reg|PC[30] ; datapath:dp|pc:pc_reg|PC[30] ; clk          ; clk         ; 0.000        ; 0.000      ; 0.510      ;
; 0.359 ; datapath:dp|pc:pc_reg|PC[18] ; datapath:dp|pc:pc_reg|PC[18] ; clk          ; clk         ; 0.000        ; 0.000      ; 0.511      ;
; 0.360 ; datapath:dp|pc:pc_reg|PC[19] ; datapath:dp|pc:pc_reg|PC[19] ; clk          ; clk         ; 0.000        ; 0.000      ; 0.512      ;
; 0.360 ; datapath:dp|pc:pc_reg|PC[26] ; datapath:dp|pc:pc_reg|PC[26] ; clk          ; clk         ; 0.000        ; 0.000      ; 0.512      ;
; 0.360 ; datapath:dp|pc:pc_reg|PC[28] ; datapath:dp|pc:pc_reg|PC[28] ; clk          ; clk         ; 0.000        ; 0.000      ; 0.512      ;
; 0.361 ; datapath:dp|pc:pc_reg|PC[8]  ; datapath:dp|pc:pc_reg|PC[8]  ; clk          ; clk         ; 0.000        ; 0.000      ; 0.513      ;
; 0.361 ; datapath:dp|pc:pc_reg|PC[14] ; datapath:dp|pc:pc_reg|PC[14] ; clk          ; clk         ; 0.000        ; 0.000      ; 0.513      ;
; 0.361 ; datapath:dp|pc:pc_reg|PC[15] ; datapath:dp|pc:pc_reg|PC[15] ; clk          ; clk         ; 0.000        ; 0.000      ; 0.513      ;
; 0.361 ; datapath:dp|pc:pc_reg|PC[16] ; datapath:dp|pc:pc_reg|PC[16] ; clk          ; clk         ; 0.000        ; 0.000      ; 0.513      ;
; 0.361 ; datapath:dp|pc:pc_reg|PC[21] ; datapath:dp|pc:pc_reg|PC[21] ; clk          ; clk         ; 0.000        ; 0.000      ; 0.513      ;
; 0.361 ; datapath:dp|pc:pc_reg|PC[24] ; datapath:dp|pc:pc_reg|PC[24] ; clk          ; clk         ; 0.000        ; 0.000      ; 0.513      ;
; 0.363 ; datapath:dp|pc:pc_reg|PC[3]  ; datapath:dp|pc:pc_reg|PC[3]  ; clk          ; clk         ; 0.000        ; 0.000      ; 0.515      ;
; 0.371 ; datapath:dp|pc:pc_reg|PC[9]  ; datapath:dp|pc:pc_reg|PC[9]  ; clk          ; clk         ; 0.000        ; 0.000      ; 0.523      ;
; 0.371 ; datapath:dp|pc:pc_reg|PC[11] ; datapath:dp|pc:pc_reg|PC[11] ; clk          ; clk         ; 0.000        ; 0.000      ; 0.523      ;
; 0.371 ; datapath:dp|pc:pc_reg|PC[20] ; datapath:dp|pc:pc_reg|PC[20] ; clk          ; clk         ; 0.000        ; 0.000      ; 0.523      ;
; 0.371 ; datapath:dp|pc:pc_reg|PC[25] ; datapath:dp|pc:pc_reg|PC[25] ; clk          ; clk         ; 0.000        ; 0.000      ; 0.523      ;
; 0.371 ; datapath:dp|pc:pc_reg|PC[27] ; datapath:dp|pc:pc_reg|PC[27] ; clk          ; clk         ; 0.000        ; 0.000      ; 0.523      ;
; 0.372 ; datapath:dp|pc:pc_reg|PC[13] ; datapath:dp|pc:pc_reg|PC[13] ; clk          ; clk         ; 0.000        ; 0.000      ; 0.524      ;
; 0.372 ; datapath:dp|pc:pc_reg|PC[22] ; datapath:dp|pc:pc_reg|PC[22] ; clk          ; clk         ; 0.000        ; 0.000      ; 0.524      ;
; 0.372 ; datapath:dp|pc:pc_reg|PC[23] ; datapath:dp|pc:pc_reg|PC[23] ; clk          ; clk         ; 0.000        ; 0.000      ; 0.524      ;
; 0.372 ; datapath:dp|pc:pc_reg|PC[29] ; datapath:dp|pc:pc_reg|PC[29] ; clk          ; clk         ; 0.000        ; 0.000      ; 0.524      ;
; 0.374 ; datapath:dp|pc:pc_reg|PC[4]  ; datapath:dp|pc:pc_reg|PC[4]  ; clk          ; clk         ; 0.000        ; 0.000      ; 0.526      ;
; 0.375 ; datapath:dp|pc:pc_reg|PC[6]  ; datapath:dp|pc:pc_reg|PC[6]  ; clk          ; clk         ; 0.000        ; 0.000      ; 0.527      ;
; 0.375 ; datapath:dp|pc:pc_reg|PC[7]  ; datapath:dp|pc:pc_reg|PC[7]  ; clk          ; clk         ; 0.000        ; 0.000      ; 0.527      ;
; 0.455 ; datapath:dp|pc:pc_reg|PC[5]  ; datapath:dp|pc:pc_reg|PC[5]  ; clk          ; clk         ; 0.000        ; 0.000      ; 0.607      ;
; 0.493 ; datapath:dp|pc:pc_reg|PC[17] ; datapath:dp|pc:pc_reg|PC[18] ; clk          ; clk         ; 0.000        ; 0.000      ; 0.645      ;
; 0.493 ; datapath:dp|pc:pc_reg|PC[2]  ; datapath:dp|pc:pc_reg|PC[3]  ; clk          ; clk         ; 0.000        ; 0.000      ; 0.645      ;
; 0.496 ; datapath:dp|pc:pc_reg|PC[30] ; datapath:dp|pc:pc_reg|PC[31] ; clk          ; clk         ; 0.000        ; 0.000      ; 0.648      ;
; 0.496 ; datapath:dp|pc:pc_reg|PC[10] ; datapath:dp|pc:pc_reg|PC[11] ; clk          ; clk         ; 0.000        ; 0.000      ; 0.648      ;
; 0.496 ; datapath:dp|pc:pc_reg|PC[12] ; datapath:dp|pc:pc_reg|PC[13] ; clk          ; clk         ; 0.000        ; 0.000      ; 0.648      ;
; 0.497 ; datapath:dp|pc:pc_reg|PC[18] ; datapath:dp|pc:pc_reg|PC[19] ; clk          ; clk         ; 0.000        ; 0.000      ; 0.649      ;
; 0.498 ; datapath:dp|pc:pc_reg|PC[19] ; datapath:dp|pc:pc_reg|PC[20] ; clk          ; clk         ; 0.000        ; 0.000      ; 0.650      ;
; 0.498 ; datapath:dp|pc:pc_reg|PC[26] ; datapath:dp|pc:pc_reg|PC[27] ; clk          ; clk         ; 0.000        ; 0.000      ; 0.650      ;
; 0.498 ; datapath:dp|pc:pc_reg|PC[28] ; datapath:dp|pc:pc_reg|PC[29] ; clk          ; clk         ; 0.000        ; 0.000      ; 0.650      ;
; 0.499 ; datapath:dp|pc:pc_reg|PC[14] ; datapath:dp|pc:pc_reg|PC[15] ; clk          ; clk         ; 0.000        ; 0.000      ; 0.651      ;
; 0.499 ; datapath:dp|pc:pc_reg|PC[15] ; datapath:dp|pc:pc_reg|PC[16] ; clk          ; clk         ; 0.000        ; 0.000      ; 0.651      ;
; 0.499 ; datapath:dp|pc:pc_reg|PC[21] ; datapath:dp|pc:pc_reg|PC[22] ; clk          ; clk         ; 0.000        ; 0.000      ; 0.651      ;
; 0.501 ; datapath:dp|pc:pc_reg|PC[3]  ; datapath:dp|pc:pc_reg|PC[4]  ; clk          ; clk         ; 0.000        ; 0.000      ; 0.653      ;
; 0.511 ; datapath:dp|pc:pc_reg|PC[9]  ; datapath:dp|pc:pc_reg|PC[10] ; clk          ; clk         ; 0.000        ; 0.000      ; 0.663      ;
; 0.511 ; datapath:dp|pc:pc_reg|PC[11] ; datapath:dp|pc:pc_reg|PC[12] ; clk          ; clk         ; 0.000        ; 0.000      ; 0.663      ;
; 0.511 ; datapath:dp|pc:pc_reg|PC[25] ; datapath:dp|pc:pc_reg|PC[26] ; clk          ; clk         ; 0.000        ; 0.000      ; 0.663      ;
; 0.511 ; datapath:dp|pc:pc_reg|PC[27] ; datapath:dp|pc:pc_reg|PC[28] ; clk          ; clk         ; 0.000        ; 0.000      ; 0.663      ;
; 0.511 ; datapath:dp|pc:pc_reg|PC[20] ; datapath:dp|pc:pc_reg|PC[21] ; clk          ; clk         ; 0.000        ; 0.000      ; 0.663      ;
; 0.512 ; datapath:dp|pc:pc_reg|PC[29] ; datapath:dp|pc:pc_reg|PC[30] ; clk          ; clk         ; 0.000        ; 0.000      ; 0.664      ;
; 0.512 ; datapath:dp|pc:pc_reg|PC[13] ; datapath:dp|pc:pc_reg|PC[14] ; clk          ; clk         ; 0.000        ; 0.000      ; 0.664      ;
; 0.512 ; datapath:dp|pc:pc_reg|PC[23] ; datapath:dp|pc:pc_reg|PC[24] ; clk          ; clk         ; 0.000        ; 0.000      ; 0.664      ;
; 0.512 ; datapath:dp|pc:pc_reg|PC[22] ; datapath:dp|pc:pc_reg|PC[23] ; clk          ; clk         ; 0.000        ; 0.000      ; 0.664      ;
; 0.514 ; datapath:dp|pc:pc_reg|PC[4]  ; datapath:dp|pc:pc_reg|PC[5]  ; clk          ; clk         ; 0.000        ; 0.000      ; 0.666      ;
; 0.515 ; datapath:dp|pc:pc_reg|PC[7]  ; datapath:dp|pc:pc_reg|PC[8]  ; clk          ; clk         ; 0.000        ; 0.000      ; 0.667      ;
; 0.515 ; datapath:dp|pc:pc_reg|PC[6]  ; datapath:dp|pc:pc_reg|PC[7]  ; clk          ; clk         ; 0.000        ; 0.000      ; 0.667      ;
; 0.528 ; datapath:dp|pc:pc_reg|PC[17] ; datapath:dp|pc:pc_reg|PC[19] ; clk          ; clk         ; 0.000        ; 0.000      ; 0.680      ;
; 0.528 ; datapath:dp|pc:pc_reg|PC[2]  ; datapath:dp|pc:pc_reg|PC[4]  ; clk          ; clk         ; 0.000        ; 0.000      ; 0.680      ;
; 0.531 ; datapath:dp|pc:pc_reg|PC[10] ; datapath:dp|pc:pc_reg|PC[12] ; clk          ; clk         ; 0.000        ; 0.000      ; 0.683      ;
; 0.531 ; datapath:dp|pc:pc_reg|PC[12] ; datapath:dp|pc:pc_reg|PC[14] ; clk          ; clk         ; 0.000        ; 0.000      ; 0.683      ;
; 0.532 ; datapath:dp|pc:pc_reg|PC[18] ; datapath:dp|pc:pc_reg|PC[20] ; clk          ; clk         ; 0.000        ; 0.000      ; 0.684      ;
; 0.533 ; datapath:dp|pc:pc_reg|PC[26] ; datapath:dp|pc:pc_reg|PC[28] ; clk          ; clk         ; 0.000        ; 0.000      ; 0.685      ;
; 0.533 ; datapath:dp|pc:pc_reg|PC[19] ; datapath:dp|pc:pc_reg|PC[21] ; clk          ; clk         ; 0.000        ; 0.000      ; 0.685      ;
; 0.533 ; datapath:dp|pc:pc_reg|PC[28] ; datapath:dp|pc:pc_reg|PC[30] ; clk          ; clk         ; 0.000        ; 0.000      ; 0.685      ;
; 0.534 ; datapath:dp|pc:pc_reg|PC[14] ; datapath:dp|pc:pc_reg|PC[16] ; clk          ; clk         ; 0.000        ; 0.000      ; 0.686      ;
; 0.534 ; datapath:dp|pc:pc_reg|PC[21] ; datapath:dp|pc:pc_reg|PC[23] ; clk          ; clk         ; 0.000        ; 0.000      ; 0.686      ;
; 0.536 ; datapath:dp|pc:pc_reg|PC[3]  ; datapath:dp|pc:pc_reg|PC[5]  ; clk          ; clk         ; 0.000        ; 0.000      ; 0.688      ;
; 0.546 ; datapath:dp|pc:pc_reg|PC[9]  ; datapath:dp|pc:pc_reg|PC[11] ; clk          ; clk         ; 0.000        ; 0.000      ; 0.698      ;
; 0.546 ; datapath:dp|pc:pc_reg|PC[11] ; datapath:dp|pc:pc_reg|PC[13] ; clk          ; clk         ; 0.000        ; 0.000      ; 0.698      ;
; 0.546 ; datapath:dp|pc:pc_reg|PC[25] ; datapath:dp|pc:pc_reg|PC[27] ; clk          ; clk         ; 0.000        ; 0.000      ; 0.698      ;
; 0.546 ; datapath:dp|pc:pc_reg|PC[27] ; datapath:dp|pc:pc_reg|PC[29] ; clk          ; clk         ; 0.000        ; 0.000      ; 0.698      ;
; 0.546 ; datapath:dp|pc:pc_reg|PC[20] ; datapath:dp|pc:pc_reg|PC[22] ; clk          ; clk         ; 0.000        ; 0.000      ; 0.698      ;
; 0.547 ; datapath:dp|pc:pc_reg|PC[29] ; datapath:dp|pc:pc_reg|PC[31] ; clk          ; clk         ; 0.000        ; 0.000      ; 0.699      ;
; 0.547 ; datapath:dp|pc:pc_reg|PC[13] ; datapath:dp|pc:pc_reg|PC[15] ; clk          ; clk         ; 0.000        ; 0.000      ; 0.699      ;
; 0.547 ; datapath:dp|pc:pc_reg|PC[22] ; datapath:dp|pc:pc_reg|PC[24] ; clk          ; clk         ; 0.000        ; 0.000      ; 0.699      ;
; 0.548 ; datapath:dp|pc:pc_reg|PC[16] ; datapath:dp|pc:pc_reg|PC[17] ; clk          ; clk         ; 0.000        ; -0.002     ; 0.698      ;
; 0.549 ; datapath:dp|pc:pc_reg|PC[4]  ; datapath:dp|pc:pc_reg|PC[6]  ; clk          ; clk         ; 0.000        ; 0.000      ; 0.701      ;
; 0.550 ; datapath:dp|pc:pc_reg|PC[6]  ; datapath:dp|pc:pc_reg|PC[8]  ; clk          ; clk         ; 0.000        ; 0.000      ; 0.702      ;
; 0.554 ; datapath:dp|pc:pc_reg|PC[8]  ; datapath:dp|pc:pc_reg|PC[9]  ; clk          ; clk         ; 0.000        ; 0.000      ; 0.706      ;
; 0.554 ; datapath:dp|pc:pc_reg|PC[24] ; datapath:dp|pc:pc_reg|PC[25] ; clk          ; clk         ; 0.000        ; 0.000      ; 0.706      ;
; 0.563 ; datapath:dp|pc:pc_reg|PC[17] ; datapath:dp|pc:pc_reg|PC[20] ; clk          ; clk         ; 0.000        ; 0.000      ; 0.715      ;
; 0.563 ; datapath:dp|pc:pc_reg|PC[2]  ; datapath:dp|pc:pc_reg|PC[5]  ; clk          ; clk         ; 0.000        ; 0.000      ; 0.715      ;
; 0.566 ; datapath:dp|pc:pc_reg|PC[10] ; datapath:dp|pc:pc_reg|PC[13] ; clk          ; clk         ; 0.000        ; 0.000      ; 0.718      ;
; 0.566 ; datapath:dp|pc:pc_reg|PC[12] ; datapath:dp|pc:pc_reg|PC[15] ; clk          ; clk         ; 0.000        ; 0.000      ; 0.718      ;
; 0.567 ; datapath:dp|pc:pc_reg|PC[18] ; datapath:dp|pc:pc_reg|PC[21] ; clk          ; clk         ; 0.000        ; 0.000      ; 0.719      ;
; 0.568 ; datapath:dp|pc:pc_reg|PC[26] ; datapath:dp|pc:pc_reg|PC[29] ; clk          ; clk         ; 0.000        ; 0.000      ; 0.720      ;
; 0.568 ; datapath:dp|pc:pc_reg|PC[19] ; datapath:dp|pc:pc_reg|PC[22] ; clk          ; clk         ; 0.000        ; 0.000      ; 0.720      ;
; 0.568 ; datapath:dp|pc:pc_reg|PC[28] ; datapath:dp|pc:pc_reg|PC[31] ; clk          ; clk         ; 0.000        ; 0.000      ; 0.720      ;
; 0.569 ; datapath:dp|pc:pc_reg|PC[21] ; datapath:dp|pc:pc_reg|PC[24] ; clk          ; clk         ; 0.000        ; 0.000      ; 0.721      ;
; 0.571 ; datapath:dp|pc:pc_reg|PC[3]  ; datapath:dp|pc:pc_reg|PC[6]  ; clk          ; clk         ; 0.000        ; 0.000      ; 0.723      ;
; 0.581 ; datapath:dp|pc:pc_reg|PC[9]  ; datapath:dp|pc:pc_reg|PC[12] ; clk          ; clk         ; 0.000        ; 0.000      ; 0.733      ;
; 0.581 ; datapath:dp|pc:pc_reg|PC[11] ; datapath:dp|pc:pc_reg|PC[14] ; clk          ; clk         ; 0.000        ; 0.000      ; 0.733      ;
; 0.581 ; datapath:dp|pc:pc_reg|PC[25] ; datapath:dp|pc:pc_reg|PC[28] ; clk          ; clk         ; 0.000        ; 0.000      ; 0.733      ;
; 0.581 ; datapath:dp|pc:pc_reg|PC[27] ; datapath:dp|pc:pc_reg|PC[30] ; clk          ; clk         ; 0.000        ; 0.000      ; 0.733      ;
; 0.581 ; datapath:dp|pc:pc_reg|PC[20] ; datapath:dp|pc:pc_reg|PC[23] ; clk          ; clk         ; 0.000        ; 0.000      ; 0.733      ;
; 0.582 ; datapath:dp|pc:pc_reg|PC[13] ; datapath:dp|pc:pc_reg|PC[16] ; clk          ; clk         ; 0.000        ; 0.000      ; 0.734      ;
; 0.583 ; datapath:dp|pc:pc_reg|PC[16] ; datapath:dp|pc:pc_reg|PC[18] ; clk          ; clk         ; 0.000        ; -0.002     ; 0.733      ;
; 0.584 ; datapath:dp|pc:pc_reg|PC[4]  ; datapath:dp|pc:pc_reg|PC[7]  ; clk          ; clk         ; 0.000        ; 0.000      ; 0.736      ;
; 0.588 ; datapath:dp|pc:pc_reg|PC[15] ; datapath:dp|pc:pc_reg|PC[17] ; clk          ; clk         ; 0.000        ; -0.002     ; 0.738      ;
; 0.589 ; datapath:dp|pc:pc_reg|PC[8]  ; datapath:dp|pc:pc_reg|PC[10] ; clk          ; clk         ; 0.000        ; 0.000      ; 0.741      ;
; 0.589 ; datapath:dp|pc:pc_reg|PC[24] ; datapath:dp|pc:pc_reg|PC[26] ; clk          ; clk         ; 0.000        ; 0.000      ; 0.741      ;
; 0.595 ; datapath:dp|pc:pc_reg|PC[5]  ; datapath:dp|pc:pc_reg|PC[6]  ; clk          ; clk         ; 0.000        ; 0.000      ; 0.747      ;
+-------+------------------------------+------------------------------+--------------+-------------+--------------+------------+------------+


+----------------------------------------------------------------------------------------------------------------+
; Fast Model Minimum Pulse Width: 'clk'                                                                          ;
+--------+--------------+----------------+------------------+-------+------------+-------------------------------+
; Slack  ; Actual Width ; Required Width ; Type             ; Clock ; Clock Edge ; Target                        ;
+--------+--------------+----------------+------------------+-------+------------+-------------------------------+
; -1.380 ; 1.000        ; 2.380          ; Port Rate        ; clk   ; Rise       ; clk                           ;
; -0.500 ; 0.500        ; 1.000          ; High Pulse Width ; clk   ; Rise       ; datapath:dp|pc:pc_reg|PC[10]  ;
; -0.500 ; 0.500        ; 1.000          ; Low Pulse Width  ; clk   ; Rise       ; datapath:dp|pc:pc_reg|PC[10]  ;
; -0.500 ; 0.500        ; 1.000          ; High Pulse Width ; clk   ; Rise       ; datapath:dp|pc:pc_reg|PC[11]  ;
; -0.500 ; 0.500        ; 1.000          ; Low Pulse Width  ; clk   ; Rise       ; datapath:dp|pc:pc_reg|PC[11]  ;
; -0.500 ; 0.500        ; 1.000          ; High Pulse Width ; clk   ; Rise       ; datapath:dp|pc:pc_reg|PC[12]  ;
; -0.500 ; 0.500        ; 1.000          ; Low Pulse Width  ; clk   ; Rise       ; datapath:dp|pc:pc_reg|PC[12]  ;
; -0.500 ; 0.500        ; 1.000          ; High Pulse Width ; clk   ; Rise       ; datapath:dp|pc:pc_reg|PC[13]  ;
; -0.500 ; 0.500        ; 1.000          ; Low Pulse Width  ; clk   ; Rise       ; datapath:dp|pc:pc_reg|PC[13]  ;
; -0.500 ; 0.500        ; 1.000          ; High Pulse Width ; clk   ; Rise       ; datapath:dp|pc:pc_reg|PC[14]  ;
; -0.500 ; 0.500        ; 1.000          ; Low Pulse Width  ; clk   ; Rise       ; datapath:dp|pc:pc_reg|PC[14]  ;
; -0.500 ; 0.500        ; 1.000          ; High Pulse Width ; clk   ; Rise       ; datapath:dp|pc:pc_reg|PC[15]  ;
; -0.500 ; 0.500        ; 1.000          ; Low Pulse Width  ; clk   ; Rise       ; datapath:dp|pc:pc_reg|PC[15]  ;
; -0.500 ; 0.500        ; 1.000          ; High Pulse Width ; clk   ; Rise       ; datapath:dp|pc:pc_reg|PC[16]  ;
; -0.500 ; 0.500        ; 1.000          ; Low Pulse Width  ; clk   ; Rise       ; datapath:dp|pc:pc_reg|PC[16]  ;
; -0.500 ; 0.500        ; 1.000          ; High Pulse Width ; clk   ; Rise       ; datapath:dp|pc:pc_reg|PC[17]  ;
; -0.500 ; 0.500        ; 1.000          ; Low Pulse Width  ; clk   ; Rise       ; datapath:dp|pc:pc_reg|PC[17]  ;
; -0.500 ; 0.500        ; 1.000          ; High Pulse Width ; clk   ; Rise       ; datapath:dp|pc:pc_reg|PC[18]  ;
; -0.500 ; 0.500        ; 1.000          ; Low Pulse Width  ; clk   ; Rise       ; datapath:dp|pc:pc_reg|PC[18]  ;
; -0.500 ; 0.500        ; 1.000          ; High Pulse Width ; clk   ; Rise       ; datapath:dp|pc:pc_reg|PC[19]  ;
; -0.500 ; 0.500        ; 1.000          ; Low Pulse Width  ; clk   ; Rise       ; datapath:dp|pc:pc_reg|PC[19]  ;
; -0.500 ; 0.500        ; 1.000          ; High Pulse Width ; clk   ; Rise       ; datapath:dp|pc:pc_reg|PC[20]  ;
; -0.500 ; 0.500        ; 1.000          ; Low Pulse Width  ; clk   ; Rise       ; datapath:dp|pc:pc_reg|PC[20]  ;
; -0.500 ; 0.500        ; 1.000          ; High Pulse Width ; clk   ; Rise       ; datapath:dp|pc:pc_reg|PC[21]  ;
; -0.500 ; 0.500        ; 1.000          ; Low Pulse Width  ; clk   ; Rise       ; datapath:dp|pc:pc_reg|PC[21]  ;
; -0.500 ; 0.500        ; 1.000          ; High Pulse Width ; clk   ; Rise       ; datapath:dp|pc:pc_reg|PC[22]  ;
; -0.500 ; 0.500        ; 1.000          ; Low Pulse Width  ; clk   ; Rise       ; datapath:dp|pc:pc_reg|PC[22]  ;
; -0.500 ; 0.500        ; 1.000          ; High Pulse Width ; clk   ; Rise       ; datapath:dp|pc:pc_reg|PC[23]  ;
; -0.500 ; 0.500        ; 1.000          ; Low Pulse Width  ; clk   ; Rise       ; datapath:dp|pc:pc_reg|PC[23]  ;
; -0.500 ; 0.500        ; 1.000          ; High Pulse Width ; clk   ; Rise       ; datapath:dp|pc:pc_reg|PC[24]  ;
; -0.500 ; 0.500        ; 1.000          ; Low Pulse Width  ; clk   ; Rise       ; datapath:dp|pc:pc_reg|PC[24]  ;
; -0.500 ; 0.500        ; 1.000          ; High Pulse Width ; clk   ; Rise       ; datapath:dp|pc:pc_reg|PC[25]  ;
; -0.500 ; 0.500        ; 1.000          ; Low Pulse Width  ; clk   ; Rise       ; datapath:dp|pc:pc_reg|PC[25]  ;
; -0.500 ; 0.500        ; 1.000          ; High Pulse Width ; clk   ; Rise       ; datapath:dp|pc:pc_reg|PC[26]  ;
; -0.500 ; 0.500        ; 1.000          ; Low Pulse Width  ; clk   ; Rise       ; datapath:dp|pc:pc_reg|PC[26]  ;
; -0.500 ; 0.500        ; 1.000          ; High Pulse Width ; clk   ; Rise       ; datapath:dp|pc:pc_reg|PC[27]  ;
; -0.500 ; 0.500        ; 1.000          ; Low Pulse Width  ; clk   ; Rise       ; datapath:dp|pc:pc_reg|PC[27]  ;
; -0.500 ; 0.500        ; 1.000          ; High Pulse Width ; clk   ; Rise       ; datapath:dp|pc:pc_reg|PC[28]  ;
; -0.500 ; 0.500        ; 1.000          ; Low Pulse Width  ; clk   ; Rise       ; datapath:dp|pc:pc_reg|PC[28]  ;
; -0.500 ; 0.500        ; 1.000          ; High Pulse Width ; clk   ; Rise       ; datapath:dp|pc:pc_reg|PC[29]  ;
; -0.500 ; 0.500        ; 1.000          ; Low Pulse Width  ; clk   ; Rise       ; datapath:dp|pc:pc_reg|PC[29]  ;
; -0.500 ; 0.500        ; 1.000          ; High Pulse Width ; clk   ; Rise       ; datapath:dp|pc:pc_reg|PC[2]   ;
; -0.500 ; 0.500        ; 1.000          ; Low Pulse Width  ; clk   ; Rise       ; datapath:dp|pc:pc_reg|PC[2]   ;
; -0.500 ; 0.500        ; 1.000          ; High Pulse Width ; clk   ; Rise       ; datapath:dp|pc:pc_reg|PC[30]  ;
; -0.500 ; 0.500        ; 1.000          ; Low Pulse Width  ; clk   ; Rise       ; datapath:dp|pc:pc_reg|PC[30]  ;
; -0.500 ; 0.500        ; 1.000          ; High Pulse Width ; clk   ; Rise       ; datapath:dp|pc:pc_reg|PC[31]  ;
; -0.500 ; 0.500        ; 1.000          ; Low Pulse Width  ; clk   ; Rise       ; datapath:dp|pc:pc_reg|PC[31]  ;
; -0.500 ; 0.500        ; 1.000          ; High Pulse Width ; clk   ; Rise       ; datapath:dp|pc:pc_reg|PC[3]   ;
; -0.500 ; 0.500        ; 1.000          ; Low Pulse Width  ; clk   ; Rise       ; datapath:dp|pc:pc_reg|PC[3]   ;
; -0.500 ; 0.500        ; 1.000          ; High Pulse Width ; clk   ; Rise       ; datapath:dp|pc:pc_reg|PC[4]   ;
; -0.500 ; 0.500        ; 1.000          ; Low Pulse Width  ; clk   ; Rise       ; datapath:dp|pc:pc_reg|PC[4]   ;
; -0.500 ; 0.500        ; 1.000          ; High Pulse Width ; clk   ; Rise       ; datapath:dp|pc:pc_reg|PC[5]   ;
; -0.500 ; 0.500        ; 1.000          ; Low Pulse Width  ; clk   ; Rise       ; datapath:dp|pc:pc_reg|PC[5]   ;
; -0.500 ; 0.500        ; 1.000          ; High Pulse Width ; clk   ; Rise       ; datapath:dp|pc:pc_reg|PC[6]   ;
; -0.500 ; 0.500        ; 1.000          ; Low Pulse Width  ; clk   ; Rise       ; datapath:dp|pc:pc_reg|PC[6]   ;
; -0.500 ; 0.500        ; 1.000          ; High Pulse Width ; clk   ; Rise       ; datapath:dp|pc:pc_reg|PC[7]   ;
; -0.500 ; 0.500        ; 1.000          ; Low Pulse Width  ; clk   ; Rise       ; datapath:dp|pc:pc_reg|PC[7]   ;
; -0.500 ; 0.500        ; 1.000          ; High Pulse Width ; clk   ; Rise       ; datapath:dp|pc:pc_reg|PC[8]   ;
; -0.500 ; 0.500        ; 1.000          ; Low Pulse Width  ; clk   ; Rise       ; datapath:dp|pc:pc_reg|PC[8]   ;
; -0.500 ; 0.500        ; 1.000          ; High Pulse Width ; clk   ; Rise       ; datapath:dp|pc:pc_reg|PC[9]   ;
; -0.500 ; 0.500        ; 1.000          ; Low Pulse Width  ; clk   ; Rise       ; datapath:dp|pc:pc_reg|PC[9]   ;
; -0.500 ; 0.500        ; 1.000          ; High Pulse Width ; clk   ; Rise       ; datapath:dp|regfile:rf|rf~100 ;
; -0.500 ; 0.500        ; 1.000          ; Low Pulse Width  ; clk   ; Rise       ; datapath:dp|regfile:rf|rf~100 ;
; -0.500 ; 0.500        ; 1.000          ; High Pulse Width ; clk   ; Rise       ; datapath:dp|regfile:rf|rf~101 ;
; -0.500 ; 0.500        ; 1.000          ; Low Pulse Width  ; clk   ; Rise       ; datapath:dp|regfile:rf|rf~101 ;
; -0.500 ; 0.500        ; 1.000          ; High Pulse Width ; clk   ; Rise       ; datapath:dp|regfile:rf|rf~102 ;
; -0.500 ; 0.500        ; 1.000          ; Low Pulse Width  ; clk   ; Rise       ; datapath:dp|regfile:rf|rf~102 ;
; -0.500 ; 0.500        ; 1.000          ; High Pulse Width ; clk   ; Rise       ; datapath:dp|regfile:rf|rf~103 ;
; -0.500 ; 0.500        ; 1.000          ; Low Pulse Width  ; clk   ; Rise       ; datapath:dp|regfile:rf|rf~103 ;
; -0.500 ; 0.500        ; 1.000          ; High Pulse Width ; clk   ; Rise       ; datapath:dp|regfile:rf|rf~104 ;
; -0.500 ; 0.500        ; 1.000          ; Low Pulse Width  ; clk   ; Rise       ; datapath:dp|regfile:rf|rf~104 ;
; -0.500 ; 0.500        ; 1.000          ; High Pulse Width ; clk   ; Rise       ; datapath:dp|regfile:rf|rf~105 ;
; -0.500 ; 0.500        ; 1.000          ; Low Pulse Width  ; clk   ; Rise       ; datapath:dp|regfile:rf|rf~105 ;
; -0.500 ; 0.500        ; 1.000          ; High Pulse Width ; clk   ; Rise       ; datapath:dp|regfile:rf|rf~106 ;
; -0.500 ; 0.500        ; 1.000          ; Low Pulse Width  ; clk   ; Rise       ; datapath:dp|regfile:rf|rf~106 ;
; -0.500 ; 0.500        ; 1.000          ; High Pulse Width ; clk   ; Rise       ; datapath:dp|regfile:rf|rf~107 ;
; -0.500 ; 0.500        ; 1.000          ; Low Pulse Width  ; clk   ; Rise       ; datapath:dp|regfile:rf|rf~107 ;
; -0.500 ; 0.500        ; 1.000          ; High Pulse Width ; clk   ; Rise       ; datapath:dp|regfile:rf|rf~108 ;
; -0.500 ; 0.500        ; 1.000          ; Low Pulse Width  ; clk   ; Rise       ; datapath:dp|regfile:rf|rf~108 ;
; -0.500 ; 0.500        ; 1.000          ; High Pulse Width ; clk   ; Rise       ; datapath:dp|regfile:rf|rf~109 ;
; -0.500 ; 0.500        ; 1.000          ; Low Pulse Width  ; clk   ; Rise       ; datapath:dp|regfile:rf|rf~109 ;
; -0.500 ; 0.500        ; 1.000          ; High Pulse Width ; clk   ; Rise       ; datapath:dp|regfile:rf|rf~110 ;
; -0.500 ; 0.500        ; 1.000          ; Low Pulse Width  ; clk   ; Rise       ; datapath:dp|regfile:rf|rf~110 ;
; -0.500 ; 0.500        ; 1.000          ; High Pulse Width ; clk   ; Rise       ; datapath:dp|regfile:rf|rf~111 ;
; -0.500 ; 0.500        ; 1.000          ; Low Pulse Width  ; clk   ; Rise       ; datapath:dp|regfile:rf|rf~111 ;
; -0.500 ; 0.500        ; 1.000          ; High Pulse Width ; clk   ; Rise       ; datapath:dp|regfile:rf|rf~112 ;
; -0.500 ; 0.500        ; 1.000          ; Low Pulse Width  ; clk   ; Rise       ; datapath:dp|regfile:rf|rf~112 ;
; -0.500 ; 0.500        ; 1.000          ; High Pulse Width ; clk   ; Rise       ; datapath:dp|regfile:rf|rf~113 ;
; -0.500 ; 0.500        ; 1.000          ; Low Pulse Width  ; clk   ; Rise       ; datapath:dp|regfile:rf|rf~113 ;
; -0.500 ; 0.500        ; 1.000          ; High Pulse Width ; clk   ; Rise       ; datapath:dp|regfile:rf|rf~114 ;
; -0.500 ; 0.500        ; 1.000          ; Low Pulse Width  ; clk   ; Rise       ; datapath:dp|regfile:rf|rf~114 ;
; -0.500 ; 0.500        ; 1.000          ; High Pulse Width ; clk   ; Rise       ; datapath:dp|regfile:rf|rf~115 ;
; -0.500 ; 0.500        ; 1.000          ; Low Pulse Width  ; clk   ; Rise       ; datapath:dp|regfile:rf|rf~115 ;
; -0.500 ; 0.500        ; 1.000          ; High Pulse Width ; clk   ; Rise       ; datapath:dp|regfile:rf|rf~116 ;
; -0.500 ; 0.500        ; 1.000          ; Low Pulse Width  ; clk   ; Rise       ; datapath:dp|regfile:rf|rf~116 ;
; -0.500 ; 0.500        ; 1.000          ; High Pulse Width ; clk   ; Rise       ; datapath:dp|regfile:rf|rf~117 ;
; -0.500 ; 0.500        ; 1.000          ; Low Pulse Width  ; clk   ; Rise       ; datapath:dp|regfile:rf|rf~117 ;
; -0.500 ; 0.500        ; 1.000          ; High Pulse Width ; clk   ; Rise       ; datapath:dp|regfile:rf|rf~118 ;
; -0.500 ; 0.500        ; 1.000          ; Low Pulse Width  ; clk   ; Rise       ; datapath:dp|regfile:rf|rf~118 ;
; -0.500 ; 0.500        ; 1.000          ; High Pulse Width ; clk   ; Rise       ; datapath:dp|regfile:rf|rf~119 ;
+--------+--------------+----------------+------------------+-------+------------+-------------------------------+


+--------------------------------------------------------------------------------+
; Clock to Output Times                                                          ;
+--------------------+------------+-------+-------+------------+-----------------+
; Data Port          ; Clock Port ; Rise  ; Fall  ; Clock Edge ; Clock Reference ;
+--------------------+------------+-------+-------+------------+-----------------+
; ALUResult_out[*]   ; clk        ; 9.819 ; 9.819 ; Rise       ; clk             ;
;  ALUResult_out[0]  ; clk        ; 9.702 ; 9.702 ; Rise       ; clk             ;
;  ALUResult_out[1]  ; clk        ; 8.924 ; 8.924 ; Rise       ; clk             ;
;  ALUResult_out[2]  ; clk        ; 9.526 ; 9.526 ; Rise       ; clk             ;
;  ALUResult_out[3]  ; clk        ; 9.638 ; 9.638 ; Rise       ; clk             ;
;  ALUResult_out[4]  ; clk        ; 9.425 ; 9.425 ; Rise       ; clk             ;
;  ALUResult_out[5]  ; clk        ; 9.452 ; 9.452 ; Rise       ; clk             ;
;  ALUResult_out[6]  ; clk        ; 9.306 ; 9.306 ; Rise       ; clk             ;
;  ALUResult_out[7]  ; clk        ; 9.546 ; 9.546 ; Rise       ; clk             ;
;  ALUResult_out[8]  ; clk        ; 9.659 ; 9.659 ; Rise       ; clk             ;
;  ALUResult_out[9]  ; clk        ; 9.426 ; 9.426 ; Rise       ; clk             ;
;  ALUResult_out[10] ; clk        ; 9.323 ; 9.323 ; Rise       ; clk             ;
;  ALUResult_out[11] ; clk        ; 9.252 ; 9.252 ; Rise       ; clk             ;
;  ALUResult_out[12] ; clk        ; 9.258 ; 9.258 ; Rise       ; clk             ;
;  ALUResult_out[13] ; clk        ; 9.232 ; 9.232 ; Rise       ; clk             ;
;  ALUResult_out[14] ; clk        ; 9.390 ; 9.390 ; Rise       ; clk             ;
;  ALUResult_out[15] ; clk        ; 9.681 ; 9.681 ; Rise       ; clk             ;
;  ALUResult_out[16] ; clk        ; 9.331 ; 9.331 ; Rise       ; clk             ;
;  ALUResult_out[17] ; clk        ; 9.491 ; 9.491 ; Rise       ; clk             ;
;  ALUResult_out[18] ; clk        ; 9.340 ; 9.340 ; Rise       ; clk             ;
;  ALUResult_out[19] ; clk        ; 9.499 ; 9.499 ; Rise       ; clk             ;
;  ALUResult_out[20] ; clk        ; 9.593 ; 9.593 ; Rise       ; clk             ;
;  ALUResult_out[21] ; clk        ; 9.186 ; 9.186 ; Rise       ; clk             ;
;  ALUResult_out[22] ; clk        ; 9.819 ; 9.819 ; Rise       ; clk             ;
;  ALUResult_out[23] ; clk        ; 9.784 ; 9.784 ; Rise       ; clk             ;
;  ALUResult_out[24] ; clk        ; 9.529 ; 9.529 ; Rise       ; clk             ;
;  ALUResult_out[25] ; clk        ; 9.514 ; 9.514 ; Rise       ; clk             ;
;  ALUResult_out[26] ; clk        ; 9.365 ; 9.365 ; Rise       ; clk             ;
;  ALUResult_out[27] ; clk        ; 9.426 ; 9.426 ; Rise       ; clk             ;
;  ALUResult_out[28] ; clk        ; 9.439 ; 9.439 ; Rise       ; clk             ;
;  ALUResult_out[29] ; clk        ; 9.786 ; 9.786 ; Rise       ; clk             ;
;  ALUResult_out[30] ; clk        ; 9.630 ; 9.630 ; Rise       ; clk             ;
;  ALUResult_out[31] ; clk        ; 9.449 ; 9.449 ; Rise       ; clk             ;
; Instr_out[*]       ; clk        ; 5.881 ; 5.881 ; Rise       ; clk             ;
;  Instr_out[0]      ; clk        ; 5.881 ; 5.881 ; Rise       ; clk             ;
;  Instr_out[1]      ; clk        ; 5.851 ; 5.851 ; Rise       ; clk             ;
;  Instr_out[4]      ; clk        ; 5.851 ; 5.851 ; Rise       ; clk             ;
;  Instr_out[5]      ; clk        ; 5.416 ; 5.416 ; Rise       ; clk             ;
;  Instr_out[7]      ; clk        ; 5.728 ; 5.728 ; Rise       ; clk             ;
;  Instr_out[8]      ; clk        ; 5.687 ; 5.687 ; Rise       ; clk             ;
;  Instr_out[9]      ; clk        ; 5.452 ; 5.452 ; Rise       ; clk             ;
;  Instr_out[10]     ; clk        ; 5.503 ; 5.503 ; Rise       ; clk             ;
;  Instr_out[12]     ; clk        ; 5.175 ; 5.175 ; Rise       ; clk             ;
;  Instr_out[13]     ; clk        ; 5.603 ; 5.603 ; Rise       ; clk             ;
;  Instr_out[14]     ; clk        ; 5.180 ; 5.180 ; Rise       ; clk             ;
;  Instr_out[15]     ; clk        ; 5.436 ; 5.436 ; Rise       ; clk             ;
;  Instr_out[20]     ; clk        ; 5.052 ; 5.052 ; Rise       ; clk             ;
;  Instr_out[21]     ; clk        ; 4.974 ; 4.974 ; Rise       ; clk             ;
;  Instr_out[22]     ; clk        ; 5.267 ; 5.267 ; Rise       ; clk             ;
;  Instr_out[23]     ; clk        ; 4.970 ; 4.970 ; Rise       ; clk             ;
;  Instr_out[24]     ; clk        ; 5.267 ; 5.267 ; Rise       ; clk             ;
;  Instr_out[30]     ; clk        ; 5.584 ; 5.584 ; Rise       ; clk             ;
; PC_out[*]          ; clk        ; 4.993 ; 4.993 ; Rise       ; clk             ;
;  PC_out[2]         ; clk        ; 4.440 ; 4.440 ; Rise       ; clk             ;
;  PC_out[3]         ; clk        ; 4.185 ; 4.185 ; Rise       ; clk             ;
;  PC_out[4]         ; clk        ; 4.263 ; 4.263 ; Rise       ; clk             ;
;  PC_out[5]         ; clk        ; 4.540 ; 4.540 ; Rise       ; clk             ;
;  PC_out[6]         ; clk        ; 4.485 ; 4.485 ; Rise       ; clk             ;
;  PC_out[7]         ; clk        ; 4.521 ; 4.521 ; Rise       ; clk             ;
;  PC_out[8]         ; clk        ; 4.632 ; 4.632 ; Rise       ; clk             ;
;  PC_out[9]         ; clk        ; 4.432 ; 4.432 ; Rise       ; clk             ;
;  PC_out[10]        ; clk        ; 4.313 ; 4.313 ; Rise       ; clk             ;
;  PC_out[11]        ; clk        ; 4.524 ; 4.524 ; Rise       ; clk             ;
;  PC_out[12]        ; clk        ; 4.323 ; 4.323 ; Rise       ; clk             ;
;  PC_out[13]        ; clk        ; 4.369 ; 4.369 ; Rise       ; clk             ;
;  PC_out[14]        ; clk        ; 4.993 ; 4.993 ; Rise       ; clk             ;
;  PC_out[15]        ; clk        ; 4.658 ; 4.658 ; Rise       ; clk             ;
;  PC_out[16]        ; clk        ; 4.372 ; 4.372 ; Rise       ; clk             ;
;  PC_out[17]        ; clk        ; 4.439 ; 4.439 ; Rise       ; clk             ;
;  PC_out[18]        ; clk        ; 4.329 ; 4.329 ; Rise       ; clk             ;
;  PC_out[19]        ; clk        ; 4.517 ; 4.517 ; Rise       ; clk             ;
;  PC_out[20]        ; clk        ; 4.302 ; 4.302 ; Rise       ; clk             ;
;  PC_out[21]        ; clk        ; 4.462 ; 4.462 ; Rise       ; clk             ;
;  PC_out[22]        ; clk        ; 4.475 ; 4.475 ; Rise       ; clk             ;
;  PC_out[23]        ; clk        ; 4.599 ; 4.599 ; Rise       ; clk             ;
;  PC_out[24]        ; clk        ; 4.641 ; 4.641 ; Rise       ; clk             ;
;  PC_out[25]        ; clk        ; 4.546 ; 4.546 ; Rise       ; clk             ;
;  PC_out[26]        ; clk        ; 4.466 ; 4.466 ; Rise       ; clk             ;
;  PC_out[27]        ; clk        ; 4.747 ; 4.747 ; Rise       ; clk             ;
;  PC_out[28]        ; clk        ; 4.101 ; 4.101 ; Rise       ; clk             ;
;  PC_out[29]        ; clk        ; 4.263 ; 4.263 ; Rise       ; clk             ;
;  PC_out[30]        ; clk        ; 4.293 ; 4.293 ; Rise       ; clk             ;
;  PC_out[31]        ; clk        ; 4.532 ; 4.532 ; Rise       ; clk             ;
; RegWrite_out       ; clk        ; 5.881 ; 5.881 ; Rise       ; clk             ;
; WriteData_out[*]   ; clk        ; 8.245 ; 8.245 ; Rise       ; clk             ;
;  WriteData_out[0]  ; clk        ; 7.434 ; 7.434 ; Rise       ; clk             ;
;  WriteData_out[1]  ; clk        ; 7.189 ; 7.189 ; Rise       ; clk             ;
;  WriteData_out[2]  ; clk        ; 7.343 ; 7.343 ; Rise       ; clk             ;
;  WriteData_out[3]  ; clk        ; 7.062 ; 7.062 ; Rise       ; clk             ;
;  WriteData_out[4]  ; clk        ; 6.729 ; 6.729 ; Rise       ; clk             ;
;  WriteData_out[5]  ; clk        ; 6.868 ; 6.868 ; Rise       ; clk             ;
;  WriteData_out[6]  ; clk        ; 6.782 ; 6.782 ; Rise       ; clk             ;
;  WriteData_out[7]  ; clk        ; 6.784 ; 6.784 ; Rise       ; clk             ;
;  WriteData_out[8]  ; clk        ; 6.770 ; 6.770 ; Rise       ; clk             ;
;  WriteData_out[9]  ; clk        ; 8.245 ; 8.245 ; Rise       ; clk             ;
;  WriteData_out[10] ; clk        ; 6.778 ; 6.778 ; Rise       ; clk             ;
;  WriteData_out[11] ; clk        ; 6.670 ; 6.670 ; Rise       ; clk             ;
;  WriteData_out[12] ; clk        ; 6.756 ; 6.756 ; Rise       ; clk             ;
;  WriteData_out[13] ; clk        ; 6.804 ; 6.804 ; Rise       ; clk             ;
;  WriteData_out[14] ; clk        ; 7.040 ; 7.040 ; Rise       ; clk             ;
;  WriteData_out[15] ; clk        ; 6.880 ; 6.880 ; Rise       ; clk             ;
;  WriteData_out[16] ; clk        ; 7.219 ; 7.219 ; Rise       ; clk             ;
;  WriteData_out[17] ; clk        ; 7.237 ; 7.237 ; Rise       ; clk             ;
;  WriteData_out[18] ; clk        ; 7.079 ; 7.079 ; Rise       ; clk             ;
;  WriteData_out[19] ; clk        ; 7.085 ; 7.085 ; Rise       ; clk             ;
;  WriteData_out[20] ; clk        ; 6.896 ; 6.896 ; Rise       ; clk             ;
;  WriteData_out[21] ; clk        ; 6.725 ; 6.725 ; Rise       ; clk             ;
;  WriteData_out[22] ; clk        ; 6.767 ; 6.767 ; Rise       ; clk             ;
;  WriteData_out[23] ; clk        ; 7.057 ; 7.057 ; Rise       ; clk             ;
;  WriteData_out[24] ; clk        ; 6.789 ; 6.789 ; Rise       ; clk             ;
;  WriteData_out[25] ; clk        ; 6.713 ; 6.713 ; Rise       ; clk             ;
;  WriteData_out[26] ; clk        ; 7.189 ; 7.189 ; Rise       ; clk             ;
;  WriteData_out[27] ; clk        ; 7.054 ; 7.054 ; Rise       ; clk             ;
;  WriteData_out[28] ; clk        ; 6.471 ; 6.471 ; Rise       ; clk             ;
;  WriteData_out[29] ; clk        ; 7.097 ; 7.097 ; Rise       ; clk             ;
;  WriteData_out[30] ; clk        ; 6.541 ; 6.541 ; Rise       ; clk             ;
;  WriteData_out[31] ; clk        ; 7.137 ; 7.137 ; Rise       ; clk             ;
; rd_out[*]          ; clk        ; 5.728 ; 5.728 ; Rise       ; clk             ;
;  rd_out[0]         ; clk        ; 5.728 ; 5.728 ; Rise       ; clk             ;
;  rd_out[1]         ; clk        ; 5.687 ; 5.687 ; Rise       ; clk             ;
;  rd_out[2]         ; clk        ; 5.452 ; 5.452 ; Rise       ; clk             ;
;  rd_out[3]         ; clk        ; 5.503 ; 5.503 ; Rise       ; clk             ;
+--------------------+------------+-------+-------+------------+-----------------+


+--------------------------------------------------------------------------------+
; Minimum Clock to Output Times                                                  ;
+--------------------+------------+-------+-------+------------+-----------------+
; Data Port          ; Clock Port ; Rise  ; Fall  ; Clock Edge ; Clock Reference ;
+--------------------+------------+-------+-------+------------+-----------------+
; ALUResult_out[*]   ; clk        ; 5.135 ; 5.135 ; Rise       ; clk             ;
;  ALUResult_out[0]  ; clk        ; 5.334 ; 5.334 ; Rise       ; clk             ;
;  ALUResult_out[1]  ; clk        ; 5.452 ; 5.452 ; Rise       ; clk             ;
;  ALUResult_out[2]  ; clk        ; 5.570 ; 5.570 ; Rise       ; clk             ;
;  ALUResult_out[3]  ; clk        ; 5.934 ; 5.934 ; Rise       ; clk             ;
;  ALUResult_out[4]  ; clk        ; 5.606 ; 5.606 ; Rise       ; clk             ;
;  ALUResult_out[5]  ; clk        ; 5.604 ; 5.604 ; Rise       ; clk             ;
;  ALUResult_out[6]  ; clk        ; 5.219 ; 5.219 ; Rise       ; clk             ;
;  ALUResult_out[7]  ; clk        ; 5.798 ; 5.798 ; Rise       ; clk             ;
;  ALUResult_out[8]  ; clk        ; 5.847 ; 5.847 ; Rise       ; clk             ;
;  ALUResult_out[9]  ; clk        ; 5.870 ; 5.870 ; Rise       ; clk             ;
;  ALUResult_out[10] ; clk        ; 5.787 ; 5.787 ; Rise       ; clk             ;
;  ALUResult_out[11] ; clk        ; 5.155 ; 5.155 ; Rise       ; clk             ;
;  ALUResult_out[12] ; clk        ; 5.396 ; 5.396 ; Rise       ; clk             ;
;  ALUResult_out[13] ; clk        ; 5.533 ; 5.533 ; Rise       ; clk             ;
;  ALUResult_out[14] ; clk        ; 5.691 ; 5.691 ; Rise       ; clk             ;
;  ALUResult_out[15] ; clk        ; 5.584 ; 5.584 ; Rise       ; clk             ;
;  ALUResult_out[16] ; clk        ; 5.135 ; 5.135 ; Rise       ; clk             ;
;  ALUResult_out[17] ; clk        ; 5.668 ; 5.668 ; Rise       ; clk             ;
;  ALUResult_out[18] ; clk        ; 5.559 ; 5.559 ; Rise       ; clk             ;
;  ALUResult_out[19] ; clk        ; 5.803 ; 5.803 ; Rise       ; clk             ;
;  ALUResult_out[20] ; clk        ; 5.435 ; 5.435 ; Rise       ; clk             ;
;  ALUResult_out[21] ; clk        ; 5.156 ; 5.156 ; Rise       ; clk             ;
;  ALUResult_out[22] ; clk        ; 5.905 ; 5.905 ; Rise       ; clk             ;
;  ALUResult_out[23] ; clk        ; 5.600 ; 5.600 ; Rise       ; clk             ;
;  ALUResult_out[24] ; clk        ; 5.407 ; 5.407 ; Rise       ; clk             ;
;  ALUResult_out[25] ; clk        ; 5.358 ; 5.358 ; Rise       ; clk             ;
;  ALUResult_out[26] ; clk        ; 5.508 ; 5.508 ; Rise       ; clk             ;
;  ALUResult_out[27] ; clk        ; 5.470 ; 5.470 ; Rise       ; clk             ;
;  ALUResult_out[28] ; clk        ; 5.359 ; 5.359 ; Rise       ; clk             ;
;  ALUResult_out[29] ; clk        ; 5.136 ; 5.136 ; Rise       ; clk             ;
;  ALUResult_out[30] ; clk        ; 5.612 ; 5.612 ; Rise       ; clk             ;
;  ALUResult_out[31] ; clk        ; 5.278 ; 5.278 ; Rise       ; clk             ;
; Instr_out[*]       ; clk        ; 4.687 ; 4.687 ; Rise       ; clk             ;
;  Instr_out[0]      ; clk        ; 5.254 ; 5.254 ; Rise       ; clk             ;
;  Instr_out[1]      ; clk        ; 5.224 ; 5.224 ; Rise       ; clk             ;
;  Instr_out[4]      ; clk        ; 5.224 ; 5.224 ; Rise       ; clk             ;
;  Instr_out[5]      ; clk        ; 4.961 ; 4.961 ; Rise       ; clk             ;
;  Instr_out[7]      ; clk        ; 4.973 ; 4.973 ; Rise       ; clk             ;
;  Instr_out[8]      ; clk        ; 5.104 ; 5.104 ; Rise       ; clk             ;
;  Instr_out[9]      ; clk        ; 4.687 ; 4.687 ; Rise       ; clk             ;
;  Instr_out[10]     ; clk        ; 4.922 ; 4.922 ; Rise       ; clk             ;
;  Instr_out[12]     ; clk        ; 4.702 ; 4.702 ; Rise       ; clk             ;
;  Instr_out[13]     ; clk        ; 4.910 ; 4.910 ; Rise       ; clk             ;
;  Instr_out[14]     ; clk        ; 4.859 ; 4.859 ; Rise       ; clk             ;
;  Instr_out[15]     ; clk        ; 4.981 ; 4.981 ; Rise       ; clk             ;
;  Instr_out[20]     ; clk        ; 4.803 ; 4.803 ; Rise       ; clk             ;
;  Instr_out[21]     ; clk        ; 4.831 ; 4.831 ; Rise       ; clk             ;
;  Instr_out[22]     ; clk        ; 4.754 ; 4.754 ; Rise       ; clk             ;
;  Instr_out[23]     ; clk        ; 4.717 ; 4.717 ; Rise       ; clk             ;
;  Instr_out[24]     ; clk        ; 4.754 ; 4.754 ; Rise       ; clk             ;
;  Instr_out[30]     ; clk        ; 5.119 ; 5.119 ; Rise       ; clk             ;
; PC_out[*]          ; clk        ; 4.101 ; 4.101 ; Rise       ; clk             ;
;  PC_out[2]         ; clk        ; 4.440 ; 4.440 ; Rise       ; clk             ;
;  PC_out[3]         ; clk        ; 4.185 ; 4.185 ; Rise       ; clk             ;
;  PC_out[4]         ; clk        ; 4.263 ; 4.263 ; Rise       ; clk             ;
;  PC_out[5]         ; clk        ; 4.540 ; 4.540 ; Rise       ; clk             ;
;  PC_out[6]         ; clk        ; 4.485 ; 4.485 ; Rise       ; clk             ;
;  PC_out[7]         ; clk        ; 4.521 ; 4.521 ; Rise       ; clk             ;
;  PC_out[8]         ; clk        ; 4.632 ; 4.632 ; Rise       ; clk             ;
;  PC_out[9]         ; clk        ; 4.432 ; 4.432 ; Rise       ; clk             ;
;  PC_out[10]        ; clk        ; 4.313 ; 4.313 ; Rise       ; clk             ;
;  PC_out[11]        ; clk        ; 4.524 ; 4.524 ; Rise       ; clk             ;
;  PC_out[12]        ; clk        ; 4.323 ; 4.323 ; Rise       ; clk             ;
;  PC_out[13]        ; clk        ; 4.369 ; 4.369 ; Rise       ; clk             ;
;  PC_out[14]        ; clk        ; 4.993 ; 4.993 ; Rise       ; clk             ;
;  PC_out[15]        ; clk        ; 4.658 ; 4.658 ; Rise       ; clk             ;
;  PC_out[16]        ; clk        ; 4.372 ; 4.372 ; Rise       ; clk             ;
;  PC_out[17]        ; clk        ; 4.439 ; 4.439 ; Rise       ; clk             ;
;  PC_out[18]        ; clk        ; 4.329 ; 4.329 ; Rise       ; clk             ;
;  PC_out[19]        ; clk        ; 4.517 ; 4.517 ; Rise       ; clk             ;
;  PC_out[20]        ; clk        ; 4.302 ; 4.302 ; Rise       ; clk             ;
;  PC_out[21]        ; clk        ; 4.462 ; 4.462 ; Rise       ; clk             ;
;  PC_out[22]        ; clk        ; 4.475 ; 4.475 ; Rise       ; clk             ;
;  PC_out[23]        ; clk        ; 4.599 ; 4.599 ; Rise       ; clk             ;
;  PC_out[24]        ; clk        ; 4.641 ; 4.641 ; Rise       ; clk             ;
;  PC_out[25]        ; clk        ; 4.546 ; 4.546 ; Rise       ; clk             ;
;  PC_out[26]        ; clk        ; 4.466 ; 4.466 ; Rise       ; clk             ;
;  PC_out[27]        ; clk        ; 4.747 ; 4.747 ; Rise       ; clk             ;
;  PC_out[28]        ; clk        ; 4.101 ; 4.101 ; Rise       ; clk             ;
;  PC_out[29]        ; clk        ; 4.263 ; 4.263 ; Rise       ; clk             ;
;  PC_out[30]        ; clk        ; 4.293 ; 4.293 ; Rise       ; clk             ;
;  PC_out[31]        ; clk        ; 4.532 ; 4.532 ; Rise       ; clk             ;
; RegWrite_out       ; clk        ; 5.254 ; 5.254 ; Rise       ; clk             ;
; WriteData_out[*]   ; clk        ; 4.678 ; 4.678 ; Rise       ; clk             ;
;  WriteData_out[0]  ; clk        ; 5.579 ; 5.579 ; Rise       ; clk             ;
;  WriteData_out[1]  ; clk        ; 5.561 ; 5.561 ; Rise       ; clk             ;
;  WriteData_out[2]  ; clk        ; 5.528 ; 5.528 ; Rise       ; clk             ;
;  WriteData_out[3]  ; clk        ; 5.455 ; 5.455 ; Rise       ; clk             ;
;  WriteData_out[4]  ; clk        ; 4.964 ; 4.964 ; Rise       ; clk             ;
;  WriteData_out[5]  ; clk        ; 5.224 ; 5.224 ; Rise       ; clk             ;
;  WriteData_out[6]  ; clk        ; 5.055 ; 5.055 ; Rise       ; clk             ;
;  WriteData_out[7]  ; clk        ; 5.182 ; 5.182 ; Rise       ; clk             ;
;  WriteData_out[8]  ; clk        ; 5.039 ; 5.039 ; Rise       ; clk             ;
;  WriteData_out[9]  ; clk        ; 5.829 ; 5.829 ; Rise       ; clk             ;
;  WriteData_out[10] ; clk        ; 5.246 ; 5.246 ; Rise       ; clk             ;
;  WriteData_out[11] ; clk        ; 5.141 ; 5.141 ; Rise       ; clk             ;
;  WriteData_out[12] ; clk        ; 5.178 ; 5.178 ; Rise       ; clk             ;
;  WriteData_out[13] ; clk        ; 5.291 ; 5.291 ; Rise       ; clk             ;
;  WriteData_out[14] ; clk        ; 5.208 ; 5.208 ; Rise       ; clk             ;
;  WriteData_out[15] ; clk        ; 5.071 ; 5.071 ; Rise       ; clk             ;
;  WriteData_out[16] ; clk        ; 5.252 ; 5.252 ; Rise       ; clk             ;
;  WriteData_out[17] ; clk        ; 5.164 ; 5.164 ; Rise       ; clk             ;
;  WriteData_out[18] ; clk        ; 5.235 ; 5.235 ; Rise       ; clk             ;
;  WriteData_out[19] ; clk        ; 5.014 ; 5.014 ; Rise       ; clk             ;
;  WriteData_out[20] ; clk        ; 4.928 ; 4.928 ; Rise       ; clk             ;
;  WriteData_out[21] ; clk        ; 4.749 ; 4.749 ; Rise       ; clk             ;
;  WriteData_out[22] ; clk        ; 5.232 ; 5.232 ; Rise       ; clk             ;
;  WriteData_out[23] ; clk        ; 4.896 ; 4.896 ; Rise       ; clk             ;
;  WriteData_out[24] ; clk        ; 4.778 ; 4.778 ; Rise       ; clk             ;
;  WriteData_out[25] ; clk        ; 4.798 ; 4.798 ; Rise       ; clk             ;
;  WriteData_out[26] ; clk        ; 5.253 ; 5.253 ; Rise       ; clk             ;
;  WriteData_out[27] ; clk        ; 5.221 ; 5.221 ; Rise       ; clk             ;
;  WriteData_out[28] ; clk        ; 4.779 ; 4.779 ; Rise       ; clk             ;
;  WriteData_out[29] ; clk        ; 5.141 ; 5.141 ; Rise       ; clk             ;
;  WriteData_out[30] ; clk        ; 4.678 ; 4.678 ; Rise       ; clk             ;
;  WriteData_out[31] ; clk        ; 5.139 ; 5.139 ; Rise       ; clk             ;
; rd_out[*]          ; clk        ; 4.687 ; 4.687 ; Rise       ; clk             ;
;  rd_out[0]         ; clk        ; 4.973 ; 4.973 ; Rise       ; clk             ;
;  rd_out[1]         ; clk        ; 5.104 ; 5.104 ; Rise       ; clk             ;
;  rd_out[2]         ; clk        ; 4.687 ; 4.687 ; Rise       ; clk             ;
;  rd_out[3]         ; clk        ; 4.922 ; 4.922 ; Rise       ; clk             ;
+--------------------+------------+-------+-------+------------+-----------------+


+---------------------------------------------------------------------------------+
; Multicorner Timing Analysis Summary                                             ;
+------------------+-----------+-------+----------+---------+---------------------+
; Clock            ; Setup     ; Hold  ; Recovery ; Removal ; Minimum Pulse Width ;
+------------------+-----------+-------+----------+---------+---------------------+
; Worst-case Slack ; -13.137   ; 0.241 ; N/A      ; N/A     ; -1.380              ;
;  clk             ; -13.137   ; 0.241 ; N/A      ; N/A     ; -1.380              ;
; Design-wide TNS  ; -5793.768 ; 0.0   ; 0.0      ; 0.0     ; -511.38             ;
;  clk             ; -5793.768 ; 0.000 ; N/A      ; N/A     ; -511.380            ;
+------------------+-----------+-------+----------+---------+---------------------+


+----------------------------------------------------------------------------------+
; Clock to Output Times                                                            ;
+--------------------+------------+--------+--------+------------+-----------------+
; Data Port          ; Clock Port ; Rise   ; Fall   ; Clock Edge ; Clock Reference ;
+--------------------+------------+--------+--------+------------+-----------------+
; ALUResult_out[*]   ; clk        ; 20.033 ; 20.033 ; Rise       ; clk             ;
;  ALUResult_out[0]  ; clk        ; 19.783 ; 19.783 ; Rise       ; clk             ;
;  ALUResult_out[1]  ; clk        ; 18.218 ; 18.218 ; Rise       ; clk             ;
;  ALUResult_out[2]  ; clk        ; 19.471 ; 19.471 ; Rise       ; clk             ;
;  ALUResult_out[3]  ; clk        ; 19.807 ; 19.807 ; Rise       ; clk             ;
;  ALUResult_out[4]  ; clk        ; 19.336 ; 19.336 ; Rise       ; clk             ;
;  ALUResult_out[5]  ; clk        ; 19.312 ; 19.312 ; Rise       ; clk             ;
;  ALUResult_out[6]  ; clk        ; 19.037 ; 19.037 ; Rise       ; clk             ;
;  ALUResult_out[7]  ; clk        ; 19.482 ; 19.482 ; Rise       ; clk             ;
;  ALUResult_out[8]  ; clk        ; 19.774 ; 19.774 ; Rise       ; clk             ;
;  ALUResult_out[9]  ; clk        ; 19.297 ; 19.297 ; Rise       ; clk             ;
;  ALUResult_out[10] ; clk        ; 18.969 ; 18.969 ; Rise       ; clk             ;
;  ALUResult_out[11] ; clk        ; 18.915 ; 18.915 ; Rise       ; clk             ;
;  ALUResult_out[12] ; clk        ; 19.023 ; 19.023 ; Rise       ; clk             ;
;  ALUResult_out[13] ; clk        ; 18.852 ; 18.852 ; Rise       ; clk             ;
;  ALUResult_out[14] ; clk        ; 19.222 ; 19.222 ; Rise       ; clk             ;
;  ALUResult_out[15] ; clk        ; 20.033 ; 20.033 ; Rise       ; clk             ;
;  ALUResult_out[16] ; clk        ; 19.181 ; 19.181 ; Rise       ; clk             ;
;  ALUResult_out[17] ; clk        ; 19.474 ; 19.474 ; Rise       ; clk             ;
;  ALUResult_out[18] ; clk        ; 19.028 ; 19.028 ; Rise       ; clk             ;
;  ALUResult_out[19] ; clk        ; 19.447 ; 19.447 ; Rise       ; clk             ;
;  ALUResult_out[20] ; clk        ; 19.597 ; 19.597 ; Rise       ; clk             ;
;  ALUResult_out[21] ; clk        ; 18.779 ; 18.779 ; Rise       ; clk             ;
;  ALUResult_out[22] ; clk        ; 19.992 ; 19.992 ; Rise       ; clk             ;
;  ALUResult_out[23] ; clk        ; 19.922 ; 19.922 ; Rise       ; clk             ;
;  ALUResult_out[24] ; clk        ; 19.545 ; 19.545 ; Rise       ; clk             ;
;  ALUResult_out[25] ; clk        ; 19.387 ; 19.387 ; Rise       ; clk             ;
;  ALUResult_out[26] ; clk        ; 19.194 ; 19.194 ; Rise       ; clk             ;
;  ALUResult_out[27] ; clk        ; 19.085 ; 19.085 ; Rise       ; clk             ;
;  ALUResult_out[28] ; clk        ; 19.246 ; 19.246 ; Rise       ; clk             ;
;  ALUResult_out[29] ; clk        ; 20.013 ; 20.013 ; Rise       ; clk             ;
;  ALUResult_out[30] ; clk        ; 19.703 ; 19.703 ; Rise       ; clk             ;
;  ALUResult_out[31] ; clk        ; 19.241 ; 19.241 ; Rise       ; clk             ;
; Instr_out[*]       ; clk        ; 11.248 ; 11.248 ; Rise       ; clk             ;
;  Instr_out[0]      ; clk        ; 11.248 ; 11.248 ; Rise       ; clk             ;
;  Instr_out[1]      ; clk        ; 11.218 ; 11.218 ; Rise       ; clk             ;
;  Instr_out[4]      ; clk        ; 11.218 ; 11.218 ; Rise       ; clk             ;
;  Instr_out[5]      ; clk        ; 10.210 ; 10.210 ; Rise       ; clk             ;
;  Instr_out[7]      ; clk        ; 10.898 ; 10.898 ; Rise       ; clk             ;
;  Instr_out[8]      ; clk        ; 10.765 ; 10.765 ; Rise       ; clk             ;
;  Instr_out[9]      ; clk        ; 10.328 ; 10.328 ; Rise       ; clk             ;
;  Instr_out[10]     ; clk        ; 10.379 ; 10.379 ; Rise       ; clk             ;
;  Instr_out[12]     ; clk        ; 9.856  ; 9.856  ; Rise       ; clk             ;
;  Instr_out[13]     ; clk        ; 10.670 ; 10.670 ; Rise       ; clk             ;
;  Instr_out[14]     ; clk        ; 9.738  ; 9.738  ; Rise       ; clk             ;
;  Instr_out[15]     ; clk        ; 10.230 ; 10.230 ; Rise       ; clk             ;
;  Instr_out[20]     ; clk        ; 9.377  ; 9.377  ; Rise       ; clk             ;
;  Instr_out[21]     ; clk        ; 9.279  ; 9.279  ; Rise       ; clk             ;
;  Instr_out[22]     ; clk        ; 9.861  ; 9.861  ; Rise       ; clk             ;
;  Instr_out[23]     ; clk        ; 9.302  ; 9.302  ; Rise       ; clk             ;
;  Instr_out[24]     ; clk        ; 9.861  ; 9.861  ; Rise       ; clk             ;
;  Instr_out[30]     ; clk        ; 10.569 ; 10.569 ; Rise       ; clk             ;
; PC_out[*]          ; clk        ; 8.874  ; 8.874  ; Rise       ; clk             ;
;  PC_out[2]         ; clk        ; 8.209  ; 8.209  ; Rise       ; clk             ;
;  PC_out[3]         ; clk        ; 7.567  ; 7.567  ; Rise       ; clk             ;
;  PC_out[4]         ; clk        ; 7.665  ; 7.665  ; Rise       ; clk             ;
;  PC_out[5]         ; clk        ; 8.227  ; 8.227  ; Rise       ; clk             ;
;  PC_out[6]         ; clk        ; 8.120  ; 8.120  ; Rise       ; clk             ;
;  PC_out[7]         ; clk        ; 8.225  ; 8.225  ; Rise       ; clk             ;
;  PC_out[8]         ; clk        ; 8.425  ; 8.425  ; Rise       ; clk             ;
;  PC_out[9]         ; clk        ; 8.002  ; 8.002  ; Rise       ; clk             ;
;  PC_out[10]        ; clk        ; 7.936  ; 7.936  ; Rise       ; clk             ;
;  PC_out[11]        ; clk        ; 8.072  ; 8.072  ; Rise       ; clk             ;
;  PC_out[12]        ; clk        ; 7.945  ; 7.945  ; Rise       ; clk             ;
;  PC_out[13]        ; clk        ; 8.106  ; 8.106  ; Rise       ; clk             ;
;  PC_out[14]        ; clk        ; 8.874  ; 8.874  ; Rise       ; clk             ;
;  PC_out[15]        ; clk        ; 8.379  ; 8.379  ; Rise       ; clk             ;
;  PC_out[16]        ; clk        ; 8.021  ; 8.021  ; Rise       ; clk             ;
;  PC_out[17]        ; clk        ; 8.029  ; 8.029  ; Rise       ; clk             ;
;  PC_out[18]        ; clk        ; 7.954  ; 7.954  ; Rise       ; clk             ;
;  PC_out[19]        ; clk        ; 8.049  ; 8.049  ; Rise       ; clk             ;
;  PC_out[20]        ; clk        ; 7.865  ; 7.865  ; Rise       ; clk             ;
;  PC_out[21]        ; clk        ; 8.067  ; 8.067  ; Rise       ; clk             ;
;  PC_out[22]        ; clk        ; 8.261  ; 8.261  ; Rise       ; clk             ;
;  PC_out[23]        ; clk        ; 8.392  ; 8.392  ; Rise       ; clk             ;
;  PC_out[24]        ; clk        ; 8.451  ; 8.451  ; Rise       ; clk             ;
;  PC_out[25]        ; clk        ; 8.063  ; 8.063  ; Rise       ; clk             ;
;  PC_out[26]        ; clk        ; 8.257  ; 8.257  ; Rise       ; clk             ;
;  PC_out[27]        ; clk        ; 8.554  ; 8.554  ; Rise       ; clk             ;
;  PC_out[28]        ; clk        ; 7.428  ; 7.428  ; Rise       ; clk             ;
;  PC_out[29]        ; clk        ; 7.745  ; 7.745  ; Rise       ; clk             ;
;  PC_out[30]        ; clk        ; 7.911  ; 7.911  ; Rise       ; clk             ;
;  PC_out[31]        ; clk        ; 8.167  ; 8.167  ; Rise       ; clk             ;
; RegWrite_out       ; clk        ; 11.248 ; 11.248 ; Rise       ; clk             ;
; WriteData_out[*]   ; clk        ; 16.519 ; 16.519 ; Rise       ; clk             ;
;  WriteData_out[0]  ; clk        ; 14.719 ; 14.719 ; Rise       ; clk             ;
;  WriteData_out[1]  ; clk        ; 14.171 ; 14.171 ; Rise       ; clk             ;
;  WriteData_out[2]  ; clk        ; 14.570 ; 14.570 ; Rise       ; clk             ;
;  WriteData_out[3]  ; clk        ; 13.914 ; 13.914 ; Rise       ; clk             ;
;  WriteData_out[4]  ; clk        ; 13.313 ; 13.313 ; Rise       ; clk             ;
;  WriteData_out[5]  ; clk        ; 13.493 ; 13.493 ; Rise       ; clk             ;
;  WriteData_out[6]  ; clk        ; 13.391 ; 13.391 ; Rise       ; clk             ;
;  WriteData_out[7]  ; clk        ; 13.280 ; 13.280 ; Rise       ; clk             ;
;  WriteData_out[8]  ; clk        ; 13.450 ; 13.450 ; Rise       ; clk             ;
;  WriteData_out[9]  ; clk        ; 16.519 ; 16.519 ; Rise       ; clk             ;
;  WriteData_out[10] ; clk        ; 13.273 ; 13.273 ; Rise       ; clk             ;
;  WriteData_out[11] ; clk        ; 13.170 ; 13.170 ; Rise       ; clk             ;
;  WriteData_out[12] ; clk        ; 13.234 ; 13.234 ; Rise       ; clk             ;
;  WriteData_out[13] ; clk        ; 13.307 ; 13.307 ; Rise       ; clk             ;
;  WriteData_out[14] ; clk        ; 13.955 ; 13.955 ; Rise       ; clk             ;
;  WriteData_out[15] ; clk        ; 13.641 ; 13.641 ; Rise       ; clk             ;
;  WriteData_out[16] ; clk        ; 14.191 ; 14.191 ; Rise       ; clk             ;
;  WriteData_out[17] ; clk        ; 14.344 ; 14.344 ; Rise       ; clk             ;
;  WriteData_out[18] ; clk        ; 14.024 ; 14.024 ; Rise       ; clk             ;
;  WriteData_out[19] ; clk        ; 13.956 ; 13.956 ; Rise       ; clk             ;
;  WriteData_out[20] ; clk        ; 13.535 ; 13.535 ; Rise       ; clk             ;
;  WriteData_out[21] ; clk        ; 13.221 ; 13.221 ; Rise       ; clk             ;
;  WriteData_out[22] ; clk        ; 13.269 ; 13.269 ; Rise       ; clk             ;
;  WriteData_out[23] ; clk        ; 13.903 ; 13.903 ; Rise       ; clk             ;
;  WriteData_out[24] ; clk        ; 13.330 ; 13.330 ; Rise       ; clk             ;
;  WriteData_out[25] ; clk        ; 13.139 ; 13.139 ; Rise       ; clk             ;
;  WriteData_out[26] ; clk        ; 14.313 ; 14.313 ; Rise       ; clk             ;
;  WriteData_out[27] ; clk        ; 13.951 ; 13.951 ; Rise       ; clk             ;
;  WriteData_out[28] ; clk        ; 12.761 ; 12.761 ; Rise       ; clk             ;
;  WriteData_out[29] ; clk        ; 13.986 ; 13.986 ; Rise       ; clk             ;
;  WriteData_out[30] ; clk        ; 12.874 ; 12.874 ; Rise       ; clk             ;
;  WriteData_out[31] ; clk        ; 14.087 ; 14.087 ; Rise       ; clk             ;
; rd_out[*]          ; clk        ; 10.898 ; 10.898 ; Rise       ; clk             ;
;  rd_out[0]         ; clk        ; 10.898 ; 10.898 ; Rise       ; clk             ;
;  rd_out[1]         ; clk        ; 10.765 ; 10.765 ; Rise       ; clk             ;
;  rd_out[2]         ; clk        ; 10.328 ; 10.328 ; Rise       ; clk             ;
;  rd_out[3]         ; clk        ; 10.379 ; 10.379 ; Rise       ; clk             ;
+--------------------+------------+--------+--------+------------+-----------------+


+--------------------------------------------------------------------------------+
; Minimum Clock to Output Times                                                  ;
+--------------------+------------+-------+-------+------------+-----------------+
; Data Port          ; Clock Port ; Rise  ; Fall  ; Clock Edge ; Clock Reference ;
+--------------------+------------+-------+-------+------------+-----------------+
; ALUResult_out[*]   ; clk        ; 5.135 ; 5.135 ; Rise       ; clk             ;
;  ALUResult_out[0]  ; clk        ; 5.334 ; 5.334 ; Rise       ; clk             ;
;  ALUResult_out[1]  ; clk        ; 5.452 ; 5.452 ; Rise       ; clk             ;
;  ALUResult_out[2]  ; clk        ; 5.570 ; 5.570 ; Rise       ; clk             ;
;  ALUResult_out[3]  ; clk        ; 5.934 ; 5.934 ; Rise       ; clk             ;
;  ALUResult_out[4]  ; clk        ; 5.606 ; 5.606 ; Rise       ; clk             ;
;  ALUResult_out[5]  ; clk        ; 5.604 ; 5.604 ; Rise       ; clk             ;
;  ALUResult_out[6]  ; clk        ; 5.219 ; 5.219 ; Rise       ; clk             ;
;  ALUResult_out[7]  ; clk        ; 5.798 ; 5.798 ; Rise       ; clk             ;
;  ALUResult_out[8]  ; clk        ; 5.847 ; 5.847 ; Rise       ; clk             ;
;  ALUResult_out[9]  ; clk        ; 5.870 ; 5.870 ; Rise       ; clk             ;
;  ALUResult_out[10] ; clk        ; 5.787 ; 5.787 ; Rise       ; clk             ;
;  ALUResult_out[11] ; clk        ; 5.155 ; 5.155 ; Rise       ; clk             ;
;  ALUResult_out[12] ; clk        ; 5.396 ; 5.396 ; Rise       ; clk             ;
;  ALUResult_out[13] ; clk        ; 5.533 ; 5.533 ; Rise       ; clk             ;
;  ALUResult_out[14] ; clk        ; 5.691 ; 5.691 ; Rise       ; clk             ;
;  ALUResult_out[15] ; clk        ; 5.584 ; 5.584 ; Rise       ; clk             ;
;  ALUResult_out[16] ; clk        ; 5.135 ; 5.135 ; Rise       ; clk             ;
;  ALUResult_out[17] ; clk        ; 5.668 ; 5.668 ; Rise       ; clk             ;
;  ALUResult_out[18] ; clk        ; 5.559 ; 5.559 ; Rise       ; clk             ;
;  ALUResult_out[19] ; clk        ; 5.803 ; 5.803 ; Rise       ; clk             ;
;  ALUResult_out[20] ; clk        ; 5.435 ; 5.435 ; Rise       ; clk             ;
;  ALUResult_out[21] ; clk        ; 5.156 ; 5.156 ; Rise       ; clk             ;
;  ALUResult_out[22] ; clk        ; 5.905 ; 5.905 ; Rise       ; clk             ;
;  ALUResult_out[23] ; clk        ; 5.600 ; 5.600 ; Rise       ; clk             ;
;  ALUResult_out[24] ; clk        ; 5.407 ; 5.407 ; Rise       ; clk             ;
;  ALUResult_out[25] ; clk        ; 5.358 ; 5.358 ; Rise       ; clk             ;
;  ALUResult_out[26] ; clk        ; 5.508 ; 5.508 ; Rise       ; clk             ;
;  ALUResult_out[27] ; clk        ; 5.470 ; 5.470 ; Rise       ; clk             ;
;  ALUResult_out[28] ; clk        ; 5.359 ; 5.359 ; Rise       ; clk             ;
;  ALUResult_out[29] ; clk        ; 5.136 ; 5.136 ; Rise       ; clk             ;
;  ALUResult_out[30] ; clk        ; 5.612 ; 5.612 ; Rise       ; clk             ;
;  ALUResult_out[31] ; clk        ; 5.278 ; 5.278 ; Rise       ; clk             ;
; Instr_out[*]       ; clk        ; 4.687 ; 4.687 ; Rise       ; clk             ;
;  Instr_out[0]      ; clk        ; 5.254 ; 5.254 ; Rise       ; clk             ;
;  Instr_out[1]      ; clk        ; 5.224 ; 5.224 ; Rise       ; clk             ;
;  Instr_out[4]      ; clk        ; 5.224 ; 5.224 ; Rise       ; clk             ;
;  Instr_out[5]      ; clk        ; 4.961 ; 4.961 ; Rise       ; clk             ;
;  Instr_out[7]      ; clk        ; 4.973 ; 4.973 ; Rise       ; clk             ;
;  Instr_out[8]      ; clk        ; 5.104 ; 5.104 ; Rise       ; clk             ;
;  Instr_out[9]      ; clk        ; 4.687 ; 4.687 ; Rise       ; clk             ;
;  Instr_out[10]     ; clk        ; 4.922 ; 4.922 ; Rise       ; clk             ;
;  Instr_out[12]     ; clk        ; 4.702 ; 4.702 ; Rise       ; clk             ;
;  Instr_out[13]     ; clk        ; 4.910 ; 4.910 ; Rise       ; clk             ;
;  Instr_out[14]     ; clk        ; 4.859 ; 4.859 ; Rise       ; clk             ;
;  Instr_out[15]     ; clk        ; 4.981 ; 4.981 ; Rise       ; clk             ;
;  Instr_out[20]     ; clk        ; 4.803 ; 4.803 ; Rise       ; clk             ;
;  Instr_out[21]     ; clk        ; 4.831 ; 4.831 ; Rise       ; clk             ;
;  Instr_out[22]     ; clk        ; 4.754 ; 4.754 ; Rise       ; clk             ;
;  Instr_out[23]     ; clk        ; 4.717 ; 4.717 ; Rise       ; clk             ;
;  Instr_out[24]     ; clk        ; 4.754 ; 4.754 ; Rise       ; clk             ;
;  Instr_out[30]     ; clk        ; 5.119 ; 5.119 ; Rise       ; clk             ;
; PC_out[*]          ; clk        ; 4.101 ; 4.101 ; Rise       ; clk             ;
;  PC_out[2]         ; clk        ; 4.440 ; 4.440 ; Rise       ; clk             ;
;  PC_out[3]         ; clk        ; 4.185 ; 4.185 ; Rise       ; clk             ;
;  PC_out[4]         ; clk        ; 4.263 ; 4.263 ; Rise       ; clk             ;
;  PC_out[5]         ; clk        ; 4.540 ; 4.540 ; Rise       ; clk             ;
;  PC_out[6]         ; clk        ; 4.485 ; 4.485 ; Rise       ; clk             ;
;  PC_out[7]         ; clk        ; 4.521 ; 4.521 ; Rise       ; clk             ;
;  PC_out[8]         ; clk        ; 4.632 ; 4.632 ; Rise       ; clk             ;
;  PC_out[9]         ; clk        ; 4.432 ; 4.432 ; Rise       ; clk             ;
;  PC_out[10]        ; clk        ; 4.313 ; 4.313 ; Rise       ; clk             ;
;  PC_out[11]        ; clk        ; 4.524 ; 4.524 ; Rise       ; clk             ;
;  PC_out[12]        ; clk        ; 4.323 ; 4.323 ; Rise       ; clk             ;
;  PC_out[13]        ; clk        ; 4.369 ; 4.369 ; Rise       ; clk             ;
;  PC_out[14]        ; clk        ; 4.993 ; 4.993 ; Rise       ; clk             ;
;  PC_out[15]        ; clk        ; 4.658 ; 4.658 ; Rise       ; clk             ;
;  PC_out[16]        ; clk        ; 4.372 ; 4.372 ; Rise       ; clk             ;
;  PC_out[17]        ; clk        ; 4.439 ; 4.439 ; Rise       ; clk             ;
;  PC_out[18]        ; clk        ; 4.329 ; 4.329 ; Rise       ; clk             ;
;  PC_out[19]        ; clk        ; 4.517 ; 4.517 ; Rise       ; clk             ;
;  PC_out[20]        ; clk        ; 4.302 ; 4.302 ; Rise       ; clk             ;
;  PC_out[21]        ; clk        ; 4.462 ; 4.462 ; Rise       ; clk             ;
;  PC_out[22]        ; clk        ; 4.475 ; 4.475 ; Rise       ; clk             ;
;  PC_out[23]        ; clk        ; 4.599 ; 4.599 ; Rise       ; clk             ;
;  PC_out[24]        ; clk        ; 4.641 ; 4.641 ; Rise       ; clk             ;
;  PC_out[25]        ; clk        ; 4.546 ; 4.546 ; Rise       ; clk             ;
;  PC_out[26]        ; clk        ; 4.466 ; 4.466 ; Rise       ; clk             ;
;  PC_out[27]        ; clk        ; 4.747 ; 4.747 ; Rise       ; clk             ;
;  PC_out[28]        ; clk        ; 4.101 ; 4.101 ; Rise       ; clk             ;
;  PC_out[29]        ; clk        ; 4.263 ; 4.263 ; Rise       ; clk             ;
;  PC_out[30]        ; clk        ; 4.293 ; 4.293 ; Rise       ; clk             ;
;  PC_out[31]        ; clk        ; 4.532 ; 4.532 ; Rise       ; clk             ;
; RegWrite_out       ; clk        ; 5.254 ; 5.254 ; Rise       ; clk             ;
; WriteData_out[*]   ; clk        ; 4.678 ; 4.678 ; Rise       ; clk             ;
;  WriteData_out[0]  ; clk        ; 5.579 ; 5.579 ; Rise       ; clk             ;
;  WriteData_out[1]  ; clk        ; 5.561 ; 5.561 ; Rise       ; clk             ;
;  WriteData_out[2]  ; clk        ; 5.528 ; 5.528 ; Rise       ; clk             ;
;  WriteData_out[3]  ; clk        ; 5.455 ; 5.455 ; Rise       ; clk             ;
;  WriteData_out[4]  ; clk        ; 4.964 ; 4.964 ; Rise       ; clk             ;
;  WriteData_out[5]  ; clk        ; 5.224 ; 5.224 ; Rise       ; clk             ;
;  WriteData_out[6]  ; clk        ; 5.055 ; 5.055 ; Rise       ; clk             ;
;  WriteData_out[7]  ; clk        ; 5.182 ; 5.182 ; Rise       ; clk             ;
;  WriteData_out[8]  ; clk        ; 5.039 ; 5.039 ; Rise       ; clk             ;
;  WriteData_out[9]  ; clk        ; 5.829 ; 5.829 ; Rise       ; clk             ;
;  WriteData_out[10] ; clk        ; 5.246 ; 5.246 ; Rise       ; clk             ;
;  WriteData_out[11] ; clk        ; 5.141 ; 5.141 ; Rise       ; clk             ;
;  WriteData_out[12] ; clk        ; 5.178 ; 5.178 ; Rise       ; clk             ;
;  WriteData_out[13] ; clk        ; 5.291 ; 5.291 ; Rise       ; clk             ;
;  WriteData_out[14] ; clk        ; 5.208 ; 5.208 ; Rise       ; clk             ;
;  WriteData_out[15] ; clk        ; 5.071 ; 5.071 ; Rise       ; clk             ;
;  WriteData_out[16] ; clk        ; 5.252 ; 5.252 ; Rise       ; clk             ;
;  WriteData_out[17] ; clk        ; 5.164 ; 5.164 ; Rise       ; clk             ;
;  WriteData_out[18] ; clk        ; 5.235 ; 5.235 ; Rise       ; clk             ;
;  WriteData_out[19] ; clk        ; 5.014 ; 5.014 ; Rise       ; clk             ;
;  WriteData_out[20] ; clk        ; 4.928 ; 4.928 ; Rise       ; clk             ;
;  WriteData_out[21] ; clk        ; 4.749 ; 4.749 ; Rise       ; clk             ;
;  WriteData_out[22] ; clk        ; 5.232 ; 5.232 ; Rise       ; clk             ;
;  WriteData_out[23] ; clk        ; 4.896 ; 4.896 ; Rise       ; clk             ;
;  WriteData_out[24] ; clk        ; 4.778 ; 4.778 ; Rise       ; clk             ;
;  WriteData_out[25] ; clk        ; 4.798 ; 4.798 ; Rise       ; clk             ;
;  WriteData_out[26] ; clk        ; 5.253 ; 5.253 ; Rise       ; clk             ;
;  WriteData_out[27] ; clk        ; 5.221 ; 5.221 ; Rise       ; clk             ;
;  WriteData_out[28] ; clk        ; 4.779 ; 4.779 ; Rise       ; clk             ;
;  WriteData_out[29] ; clk        ; 5.141 ; 5.141 ; Rise       ; clk             ;
;  WriteData_out[30] ; clk        ; 4.678 ; 4.678 ; Rise       ; clk             ;
;  WriteData_out[31] ; clk        ; 5.139 ; 5.139 ; Rise       ; clk             ;
; rd_out[*]          ; clk        ; 4.687 ; 4.687 ; Rise       ; clk             ;
;  rd_out[0]         ; clk        ; 4.973 ; 4.973 ; Rise       ; clk             ;
;  rd_out[1]         ; clk        ; 5.104 ; 5.104 ; Rise       ; clk             ;
;  rd_out[2]         ; clk        ; 4.687 ; 4.687 ; Rise       ; clk             ;
;  rd_out[3]         ; clk        ; 4.922 ; 4.922 ; Rise       ; clk             ;
+--------------------+------------+-------+-------+------------+-----------------+


+-------------------------------------------------------------------+
; Setup Transfers                                                   ;
+------------+----------+----------+----------+----------+----------+
; From Clock ; To Clock ; RR Paths ; FR Paths ; RF Paths ; FF Paths ;
+------------+----------+----------+----------+----------+----------+
; clk        ; clk      ; 6650499  ; 0        ; 0        ; 0        ;
+------------+----------+----------+----------+----------+----------+
Entries labeled "false path" only account for clock-to-clock false paths and not path-based false paths. As a result, actual path counts may be lower than reported.


+-------------------------------------------------------------------+
; Hold Transfers                                                    ;
+------------+----------+----------+----------+----------+----------+
; From Clock ; To Clock ; RR Paths ; FR Paths ; RF Paths ; FF Paths ;
+------------+----------+----------+----------+----------+----------+
; clk        ; clk      ; 6650499  ; 0        ; 0        ; 0        ;
+------------+----------+----------+----------+----------+----------+
Entries labeled "false path" only account for clock-to-clock false paths and not path-based false paths. As a result, actual path counts may be lower than reported.


---------------
; Report TCCS ;
---------------
No dedicated SERDES Transmitter circuitry present in device or used in design


---------------
; Report RSKM ;
---------------
No dedicated SERDES Receiver circuitry present in device or used in design


+------------------------------------------------+
; Unconstrained Paths                            ;
+---------------------------------+-------+------+
; Property                        ; Setup ; Hold ;
+---------------------------------+-------+------+
; Illegal Clocks                  ; 0     ; 0    ;
; Unconstrained Clocks            ; 0     ; 0    ;
; Unconstrained Input Ports       ; 1     ; 1    ;
; Unconstrained Input Port Paths  ; 30    ; 30   ;
; Unconstrained Output Ports      ; 117   ; 117  ;
; Unconstrained Output Port Paths ; 9965  ; 9965 ;
+---------------------------------+-------+------+


+------------------------------------+
; TimeQuest Timing Analyzer Messages ;
+------------------------------------+
Info: *******************************************************************
Info: Running Quartus II 64-Bit TimeQuest Timing Analyzer
    Info: Version 13.0.1 Build 232 06/12/2013 Service Pack 1 SJ Web Edition
    Info: Processing started: Fri Sep 18 13:29:50 2026
Info: Command: quartus_sta RISC_V -c RISC_V
Info: qsta_default_script.tcl version: #1
Warning (20028): Parallel compilation is not licensed and has been disabled
Info (21077): Low junction temperature is 0 degrees C
Info (21077): High junction temperature is 85 degrees C
Critical Warning (332012): Synopsys Design Constraints File file not found: 'RISC_V.sdc'. A Synopsys Design Constraints File is required by the TimeQuest Timing Analyzer to get proper timing constraints. Without it, the Compiler will not properly optimize the design.
Info (332142): No user constrained base clocks found in the design. Calling "derive_clocks -period 1.0"
Info (332105): Deriving Clocks
    Info (332105): create_clock -period 1.000 -name clk clk
Info: Found TIMEQUEST_REPORT_SCRIPT_INCLUDE_DEFAULT_ANALYSIS = ON
Info: Analyzing Slow Model
Critical Warning (332148): Timing requirements not met
Info (332146): Worst-case setup slack is -13.137
    Info (332119):     Slack End Point TNS Clock 
    Info (332119): ========= ============= =====================
    Info (332119):   -13.137     -5793.768 clk 
Info (332146): Worst-case hold slack is 0.527
    Info (332119):     Slack End Point TNS Clock 
    Info (332119): ========= ============= =====================
    Info (332119):     0.527         0.000 clk 
Info (332140): No Recovery paths to report
Info (332140): No Removal paths to report
Info (332146): Worst-case minimum pulse width slack is -1.380
    Info (332119):     Slack End Point TNS Clock 
    Info (332119): ========= ============= =====================
    Info (332119):    -1.380      -511.380 clk 
Info (332001): The selected device family is not supported by the report_metastability command.
Info: Analyzing Fast Model
Critical Warning (332148): Timing requirements not met
Info (332146): Worst-case setup slack is -5.419
    Info (332119):     Slack End Point TNS Clock 
    Info (332119): ========= ============= =====================
    Info (332119):    -5.419     -2322.539 clk 
Info (332146): Worst-case hold slack is 0.241
    Info (332119):     Slack End Point TNS Clock 
    Info (332119): ========= ============= =====================
    Info (332119):     0.241         0.000 clk 
Info (332140): No Recovery paths to report
Info (332140): No Removal paths to report
Info (332146): Worst-case minimum pulse width slack is -1.380
    Info (332119):     Slack End Point TNS Clock 
    Info (332119): ========= ============= =====================
    Info (332119):    -1.380      -511.380 clk 
Info (332001): The selected device family is not supported by the report_metastability command.
Info (332102): Design is not fully constrained for setup requirements
Info (332102): Design is not fully constrained for hold requirements
Info: Quartus II 64-Bit TimeQuest Timing Analyzer was successful. 0 errors, 4 warnings
    Info: Peak virtual memory: 4576 megabytes
    Info: Processing ended: Fri Sep 18 13:29:51 2026
    Info: Elapsed time: 00:00:01
    Info: Total CPU time (on all processors): 00:00:01


